id,collegeName,collegeCode,location,university,type,logoUrl,studentCount,isActive,createdAt,updatedAt
6a267f5a3242e87c1862702a,JNTUH College of Engineering Hyderabad,JNTUH-CEH,"Kukatpally, Hyderabad, Telangana",Jawaharlal Nehru Technological University Hyderabad,Government,,0,True,2026-06-08T08:37:46.054000Z,
6a267f5a3242e87c1862702b,"University College of Engineering, Osmania University",UCE-OU,"Amberpet, Hyderabad, Telangana",Osmania University,Government,,0,True,2026-06-08T08:37:46.054000Z,
6a267f5a3242e87c1862702c,Chaitanya Bharathi Institute of Technology,CBIT,"Gandipet, Hyderabad, Telangana",Osmania University,Private / Autonomous,,0,True,2026-06-08T08:37:46.054000Z,
6a267f5a3242e87c1862702d,Vasavi College of Engineering,VCE,"Ibrahimbagh, Hyderabad, Telangana",Osmania University,Private / Autonomous,,0,True,2026-06-08T08:37:46.054000Z,
6a267f5a3242e87c1862702e,VNR Vignana Jyothi Institute of Engineering and Technology,VNR-VJIET,"Bachupally, Hyderabad, Telangana",JNTUH,Private / Autonomous,,0,True,2026-06-08T08:37:46.054000Z,
6a267f5a3242e87c1862702f,Gokaraju Rangaraju Institute of Engineering and Technology,GRIET,"Bachupally, Hyderabad, Telangana",JNTUH,Private / Autonomous,,0,True,2026-06-08T08:37:46.054000Z,
6a267f5a3242e87c18627030,CVR College of Engineering,CVR,"Ibrahimpatnam, Hyderabad, Telangana",JNTUH,Private / Autonomous,,0,True,2026-06-08T08:37:46.054000Z,
6a267f5a3242e87c18627031,MVSR Engineering College,MVSR,"Nadergul, Hyderabad, Telangana",Osmania University,Private / Autonomous,,0,True,2026-06-08T08:37:46.054000Z,
6a267f5a3242e87c18627032,Keshav Memorial Institute of Technology,KMIT,"Narayanguda, Hyderabad, Telangana",JNTUH,Private / Autonomous,,0,True,2026-06-08T08:37:46.054000Z,
6a267f5a3242e87c18627033,Mahatma Gandhi Institute of Technology,MGIT,"Gandipet, Hyderabad, Telangana",Osmania University,Private / Autonomous,,0,True,2026-06-08T08:37:46.054000Z,
6a267f5a3242e87c18627034,BVRIT Hyderabad College of Engineering for Women,BVRITH,"Bachupally, Hyderabad, Telangana",JNTUH,Private / Autonomous,,0,True,2026-06-08T08:37:46.054000Z,
6a267f5a3242e87c18627035,Sreenidhi Institute of Science and Technology,SNIST,"Ghatkesar, Hyderabad, Telangana",JNTUH,Private / Autonomous,,0,True,2026-06-08T08:37:46.054000Z,
6a267f5a3242e87c18627036,Vardhaman College of Engineering,VARDHAMAN,"Shamshabad, Hyderabad, Telangana",JNTUH,Private / Autonomous,,0,True,2026-06-08T08:37:46.054000Z,
6a267f5a3242e87c18627037,Anurag University,ANURAG,"Ghatkesar, Hyderabad, Telangana",Anurag University,Private / Autonomous,,0,True,2026-06-08T08:37:46.054000Z,
6a267f5a3242e87c18627038,G. Narayanamma Institute of Technology and Science for Women,GNITS,"Shaikpet, Hyderabad, Telangana",JNTUH,Private / Autonomous,,0,True,2026-06-08T08:37:46.054000Z,
6a267f5a3242e87c18627039,SR Engineering College,SREC-WGL,"Warangal, Telangana",JNTUH,Private / Autonomous,,0,True,2026-06-08T08:37:46.054000Z,
6a267f5a3242e87c1862703a,JNTUH College of Engineering Manthani,JNTUH-CEM,"Manthani, Karimnagar, Telangana",JNTUH,Government,,0,True,2026-06-08T08:37:46.054000Z,
6a267f5a3242e87c1862703b,JNTUH College of Engineering Sultanpur,JNTUH-CES,"Sultanpur, Medak, Telangana",JNTUH,Government,,0,True,2026-06-08T08:37:46.054000Z,
6a267f5a3242e87c1862703c,Kakatiya Institute of Technology and Science,KITS-WGL,"Warangal, Telangana",Kakatiya University,Government,,0,True,2026-06-08T08:37:46.054000Z,
6a267f5a3242e87c1862703d,Nizam Institute of Engineering and Technology,NIET,"Nalgonda, Telangana",JNTUH,Private / Autonomous,,0,True,2026-06-08T08:37:46.054000Z,
6a267f5a3242e87c1862703e,TKR College of Engineering and Technology,TKRCET,"Meerpet, Hyderabad, Telangana",JNTUH,Private / Autonomous,,0,True,2026-06-08T08:37:46.054000Z,
6a267f5a3242e87c1862703f,Matrusri Engineering College,MEC,"Saidabad, Hyderabad, Telangana",Osmania University,Private / Autonomous,,0,True,2026-06-08T08:37:46.054000Z,
6a267f5a3242e87c18627040,Muffakham Jah College of Engineering and Technology,MJCET,"Banjara Hills, Hyderabad, Telangana",Osmania University,Private / Autonomous,,0,True,2026-06-08T08:37:46.054000Z,
6a267f5a3242e87c18627041,Vignana Bharathi Institute of Technology,VBIT,"Aushapur, Hyderabad, Telangana",JNTUH,Private / Autonomous,,0,True,2026-06-08T08:37:46.054000Z,
6a267f5a3242e87c18627042,Sreyas Institute of Engineering and Technology,SIET,"Nagole, Hyderabad, Telangana",JNTUH,Private / Autonomous,,0,True,2026-06-08T08:37:46.054000Z,
6a267f5a3242e87c18627043,JNTUA College of Engineering Anantapur,JNTUA-CEA,"Anantapur, Andhra Pradesh",JNTUA,Government,,0,True,2026-06-08T08:37:46.054000Z,
6a267f5a3242e87c18627044,JNTUA College of Engineering Kalikiri,JNTUA-CEK,"Kalikiri, Chittoor, Andhra Pradesh",JNTUA,Government,,0,True,2026-06-08T08:37:46.054000Z,
6a267f5a3242e87c18627045,Andhra University College of Engineering,AUCE,"Visakhapatnam, Andhra Pradesh",Andhra University,Government,,0,True,2026-06-08T08:37:46.054000Z,
6a267f5a3242e87c18627046,Sri Venkateswara University College of Engineering,SVUCE,"Tirupati, Andhra Pradesh",Sri Venkateswara University,Government,,0,True,2026-06-08T08:37:46.054000Z,
6a267f5a3242e87c18627047,RVR & JC College of Engineering,RVRJC,"Guntur, Andhra Pradesh",Acharya Nagarjuna University,Private / Autonomous,,0,True,2026-06-08T08:37:46.054000Z,
6a267f5a3242e87c18627048,Gayatri Vidya Parishad College of Engineering,GVP,"Visakhapatnam, Andhra Pradesh",Andhra University,Private / Autonomous,,0,True,2026-06-08T08:37:46.054000Z,
6a267f5a3242e87c18627049,Prasad V. Potluri Siddhartha Institute of Technology,PVPSIT,"Vijayawada, Andhra Pradesh",Krishna University,Private / Autonomous,,0,True,2026-06-08T08:37:46.054000Z,
6a267f5a3242e87c1862704a,Koneru Lakshmaiah Education Foundation University,KLEF,"Vaddeswaram, Guntur, Andhra Pradesh",KL University,Deemed University,,0,True,2026-06-08T08:37:46.054000Z,
6a267f5a3242e87c1862704b,VIT-AP University,VIT-AP,"Amaravati, Andhra Pradesh",VIT-AP University,Deemed University,,0,True,2026-06-08T08:37:46.054000Z,
6a267f5a3242e87c1862704c,Vignan's Foundation for Science Technology and Research,VFSTR,"Vadlamudi, Guntur, Andhra Pradesh",Vignan University,Deemed University,,0,True,2026-06-08T08:37:46.054000Z,
6a267f5a3242e87c1862704d,Sree Vidyanikethan Engineering College,SVEC-TPT,"Tirupati, Andhra Pradesh",JNTUA,Private / Autonomous,,0,True,2026-06-08T08:37:46.054000Z,
6a267f5a3242e87c1862704e,Narasaraopeta Engineering College,NEC,"Narasaraopet, Guntur, Andhra Pradesh",JNTUK,Private / Autonomous,,0,True,2026-06-08T08:37:46.054000Z,
6a267f5a3242e87c1862704f,Anil Neerukonda Institute of Technology and Sciences,ANITS,"Visakhapatnam, Andhra Pradesh",Andhra University,Private / Autonomous,,0,True,2026-06-08T08:37:46.054000Z,
6a267f5a3242e87c18627050,AITAM Engineering College,AITAM,"Tekkali, Srikakulam, Andhra Pradesh",JNTUK,Private / Autonomous,,0,True,2026-06-08T08:37:46.054000Z,
6a267f5a3242e87c18627051,Bapatla Engineering College,BEC,"Bapatla, Guntur, Andhra Pradesh",JNTUK,Private / Autonomous,,0,True,2026-06-08T08:37:46.054000Z,
6a267f5a3242e87c18627052,Anna University,AU-CEG,"Guindy, Chennai, Tamil Nadu",Anna University,Government / Autonomous,,0,True,2026-06-08T08:37:46.054000Z,
6a267f5a3242e87c18627053,College of Engineering Guindy,CEG,"Guindy, Chennai, Tamil Nadu",Anna University,Government / Autonomous,,0,True,2026-06-08T08:37:46.054000Z,
6a267f5a3242e87c18627054,PSG College of Technology,PSGCT,"Coimbatore, Tamil Nadu",Anna University,Private / Autonomous,,0,True,2026-06-08T08:37:46.054000Z,
6a267f5a3242e87c18627055,Coimbatore Institute of Technology,CIT-CBE,"Coimbatore, Tamil Nadu",Anna University,Government Aided / Autonomous,,0,True,2026-06-08T08:37:46.054000Z,
6a267f5a3242e87c18627056,Sri Sivasubramaniya Nadar College of Engineering,SSN,"Kalavakkam, Chennai, Tamil Nadu",Anna University,Private / Autonomous,,0,True,2026-06-08T08:37:46.054000Z,
6a267f5a3242e87c18627057,Thiagarajar College of Engineering,TCE,"Madurai, Tamil Nadu",Anna University,Government Aided / Autonomous,,0,True,2026-06-08T08:37:46.054000Z,
6a267f5a3242e87c18627058,National Engineering College,NEC-KVL,"Kovilpatti, Tamil Nadu",Anna University,Government Aided / Autonomous,,0,True,2026-06-08T08:37:46.054000Z,
6a267f5a3242e87c18627059,Mepco Schlenk Engineering College,MSEC,"Sivakasi, Tamil Nadu",Anna University,Government Aided / Autonomous,,0,True,2026-06-08T08:37:46.054000Z,
6a267f5a3242e87c1862705a,Sri Krishna College of Engineering and Technology,SKCET,"Coimbatore, Tamil Nadu",Anna University,Private / Autonomous,,0,True,2026-06-08T08:37:46.054000Z,
6a267f5a3242e87c1862705b,Kumaraguru College of Technology,KCT,"Coimbatore, Tamil Nadu",Anna University,Private / Autonomous,,0,True,2026-06-08T08:37:46.054000Z,
6a267f5a3242e87c1862705c,Kongu Engineering College,KEC-ERD,"Erode, Tamil Nadu",Anna University,Private / Autonomous,,0,True,2026-06-08T08:37:46.054000Z,
6a267f5a3242e87c1862705d,Rajalakshmi Engineering College,REC-CHEN,"Thandalam, Chennai, Tamil Nadu",Anna University,Private / Autonomous,,0,True,2026-06-08T08:37:46.054000Z,
6a267f5a3242e87c1862705e,Sri Venkateswara College of Engineering,SVCE-SRIPERUMBUDUR,"Sriperumbudur, Chennai, Tamil Nadu",Anna University,Private / Autonomous,,0,True,2026-06-08T08:37:46.054000Z,
6a267f5a3242e87c1862705f,Bannari Amman Institute of Technology,BIT-STV,"Sathyamangalam, Erode, Tamil Nadu",Anna University,Private / Autonomous,,0,True,2026-06-08T08:37:46.054000Z,
6a267f5a3242e87c18627060,Government College of Technology Coimbatore,GCT-CBE,"Coimbatore, Tamil Nadu",Anna University,Government,,0,True,2026-06-08T08:37:46.054000Z,
6a267f5a3242e87c18627061,University Visvesvaraya College of Engineering,UVCE,"Bengaluru, Karnataka",Bangalore University,Government,,0,True,2026-06-08T08:37:46.054000Z,
6a267f5a3242e87c18627062,BMS College of Engineering,BMSCE,"Basavanagudi, Bengaluru, Karnataka",VTU,Private / Autonomous,,0,True,2026-06-08T08:37:46.054000Z,
6a267f5a3242e87c18627063,RV College of Engineering,RVCE,"Jayanagar, Bengaluru, Karnataka",VTU,Private / Autonomous,,0,True,2026-06-08T08:37:46.054000Z,
6a267f5a3242e87c18627064,PES University,PES,"Bengaluru, Karnataka",PES University,Deemed University,,0,True,2026-06-08T08:37:46.054000Z,
6a267f5a3242e87c18627065,M.S. Ramaiah Institute of Technology,MSRIT,"Bengaluru, Karnataka",VTU,Private / Autonomous,,0,True,2026-06-08T08:37:46.054000Z,
6a267f5a3242e87c18627066,Dayananda Sagar College of Engineering,DSCE,"Bengaluru, Karnataka",VTU,Private / Autonomous,,0,True,2026-06-08T08:37:46.054000Z,
6a267f5a3242e87c18627067,Nitte Meenakshi Institute of Technology,NMIT,"Bengaluru, Karnataka",VTU,Private / Autonomous,,0,True,2026-06-08T08:37:46.054000Z,
6a267f5a3242e87c18627068,New Horizon College of Engineering,NHCE,"Bengaluru, Karnataka",VTU,Private / Autonomous,,0,True,2026-06-08T08:37:46.054000Z,
6a267f5a3242e87c18627069,Jain University,JAIN-UNIV,"Bengaluru, Karnataka",Jain University,Deemed University,,0,True,2026-06-08T08:37:46.054000Z,
6a267f5a3242e87c1862706a,CMR Institute of Technology,CMRIT-BLR,"Bengaluru, Karnataka",VTU,Private / Autonomous,,0,True,2026-06-08T08:37:46.054000Z,
6a267f5a3242e87c1862706b,Vidyavardhaka College of Engineering,VVCE,"Mysuru, Karnataka",VTU,Private / Autonomous,,0,True,2026-06-08T08:37:46.054000Z,
6a267f5a3242e87c1862706c,National Institute of Engineering,NIE-MYS,"Mysuru, Karnataka",VTU,Private / Autonomous,,0,True,2026-06-08T08:37:46.054000Z,
6a267f5a3242e87c1862706d,Dr. Ambedkar Institute of Technology,AIT-BLR,"Bengaluru, Karnataka",VTU,Government Aided,,0,True,2026-06-08T08:37:46.054000Z,
6a267f5a3242e87c1862706e,Siddaganga Institute of Technology,SIT-TKR,"Tumkuru, Karnataka",VTU,Private / Autonomous,,0,True,2026-06-08T08:37:46.054000Z,
6a267f5a3242e87c1862706f,KLE Technological University,KLTECH,"Hubballi, Karnataka",KLE Technological University,Deemed University,,0,True,2026-06-08T08:37:46.054000Z,
6a267f5a3242e87c18627070,College of Engineering Pune,COEP,"Pune, Maharashtra",SPPU,Government / Autonomous,,0,True,2026-06-08T08:37:46.054000Z,
6a267f5a3242e87c18627071,Veermata Jijabai Technological Institute,VJTI,"Mumbai, Maharashtra",University of Mumbai,Government / Autonomous,,0,True,2026-06-08T08:37:46.054000Z,
6a267f5a3242e87c18627072,Sardar Patel College of Engineering,SPCE,"Mumbai, Maharashtra",University of Mumbai,Government Aided,,0,True,2026-06-08T08:37:46.054000Z,
6a267f5a3242e87c18627073,KJ Somaiya College of Engineering,KJSCE,"Vidyavihar, Mumbai, Maharashtra",University of Mumbai,Private / Autonomous,,0,True,2026-06-08T08:37:46.054000Z,
6a267f5a3242e87c18627074,Pune Institute of Computer Technology,PICT,"Pune, Maharashtra",SPPU,Private / Autonomous,,0,True,2026-06-08T08:37:46.054000Z,
6a267f5a3242e87c18627075,MIT College of Engineering Pune,MITCOE,"Pune, Maharashtra",SPPU,Private / Autonomous,,0,True,2026-06-08T08:37:46.054000Z,
6a267f5a3242e87c18627076,Symbiosis Institute of Technology,SIT-PUNE,"Lavale, Pune, Maharashtra",Symbiosis International University,Deemed University,,0,True,2026-06-08T08:37:46.054000Z,
6a267f5a3242e87c18627077,Vishwakarma Institute of Technology,VIT-PUNE,"Pune, Maharashtra",SPPU,Private / Autonomous,,0,True,2026-06-08T08:37:46.054000Z,
6a267f5a3242e87c18627078,DY Patil College of Engineering,DYPCOE,"Akurdi, Pune, Maharashtra",SPPU,Private / Autonomous,,0,True,2026-06-08T08:37:46.054000Z,
6a267f5a3242e87c18627079,Walchand College of Engineering,WCE,"Sangli, Maharashtra",SPPU,Government Aided / Autonomous,,0,True,2026-06-08T08:37:46.054000Z,
6a267f5a3242e87c1862707a,Government College of Engineering Karad,GCEK,"Karad, Satara, Maharashtra",SPPU,Government,,0,True,2026-06-08T08:37:46.054000Z,
6a267f5a3242e87c1862707b,Government College of Engineering Aurangabad,GCEA,"Aurangabad, Maharashtra",MGM University / Dr. BAMU,Government,,0,True,2026-06-08T08:37:46.054000Z,
6a267f5a3242e87c1862707c,Cummins College of Engineering for Women,CCEW,"Pune, Maharashtra",SPPU,Private / Autonomous,,0,True,2026-06-08T08:37:46.054000Z,
6a267f5a3242e87c1862707d,Army Institute of Technology,AIT-PUNE,"Dighi, Pune, Maharashtra",SPPU,Private / Autonomous,,0,True,2026-06-08T08:37:46.054000Z,
6a267f5a3242e87c1862707e,PCCOE Pimpri Chinchwad College of Engineering,PCCOE,"Nigdi, Pune, Maharashtra",SPPU,Private / Autonomous,,0,True,2026-06-08T08:37:46.054000Z,
6a267f5a3242e87c1862707f,Delhi Technological University,DTU,"Rohini, New Delhi",DTU,Government,,0,True,2026-06-08T08:37:46.054000Z,
6a267f5a3242e87c18627080,Netaji Subhas University of Technology,NSUT,"Dwarka, New Delhi",NSUT,Government,,0,True,2026-06-08T08:37:46.054000Z,
6a267f5a3242e87c18627081,Indraprastha Institute of Information Technology Delhi,IIIT-D,"Okhla, New Delhi",IIIT Delhi,Deemed University,,0,True,2026-06-08T08:37:46.054000Z,
6a267f5a3242e87c18627082,Jamia Millia Islamia Faculty of Engineering and Technology,JMI-FET,New Delhi,Jamia Millia Islamia,Central University,,0,True,2026-06-08T08:37:46.054000Z,
6a267f5a3242e87c18627083,Guru Gobind Singh Indraprastha University,GGSIPU,"Dwarka, New Delhi",GGSIPU,Government,,0,True,2026-06-08T08:37:46.054000Z,
6a267f5a3242e87c18627084,Amity University Noida,AMITY-NOI,"Noida, Uttar Pradesh",Amity University,Private University,,0,True,2026-06-08T08:37:46.054000Z,
6a267f5a3242e87c18627085,Jaypee Institute of Information Technology,JIIT,"Noida, Uttar Pradesh",JIIT,Deemed University,,0,True,2026-06-08T08:37:46.054000Z,
6a267f5a3242e87c18627086,GL Bajaj Institute of Technology and Management,GLBITM,"Greater Noida, Uttar Pradesh",AKTU,Private / Affiliated,,0,True,2026-06-08T08:37:46.054000Z,
6a267f5a3242e87c18627087,Dronacharya College of Engineering,DCE-GGN,"Gurugram, Haryana",MDU,Private / Affiliated,,0,True,2026-06-08T08:37:46.054000Z,
6a267f5a3242e87c18627088,The NorthCap University,NCU,"Gurugram, Haryana",NorthCap University,Deemed University,,0,True,2026-06-08T08:37:46.054000Z,
6a267f5a3242e87c18627089,Harcourt Butler Technical University,HBTU,"Kanpur, Uttar Pradesh",HBTU,Government,,0,True,2026-06-08T08:37:46.054000Z,
6a267f5a3242e87c1862708a,Institute of Engineering and Technology Lucknow,IET-LKO,"Lucknow, Uttar Pradesh",Dr. APJ Abdul Kalam Technical University,Government,,0,True,2026-06-08T08:37:46.054000Z,
6a267f5a3242e87c1862708b,Madan Mohan Malaviya University of Technology,MMMUT,"Gorakhpur, Uttar Pradesh",MMMUT,Government,,0,True,2026-06-08T08:37:46.054000Z,
6a267f5a3242e87c1862708c,Bundelkhand Institute of Engineering and Technology,BIET-JHS,"Jhansi, Uttar Pradesh",AKTU,Government,,0,True,2026-06-08T08:37:46.054000Z,
6a267f5a3242e87c1862708d,Kamla Nehru Institute of Technology,KNIT,"Sultanpur, Uttar Pradesh",AKTU,Government Aided,,0,True,2026-06-08T08:37:46.054000Z,
6a267f5a3242e87c1862708e,Motilal Nehru National Institute of Technology,MNNIT,"Allahabad, Uttar Pradesh",MNNIT (NIT),Government / NIT,,0,True,2026-06-08T08:37:46.054000Z,
6a267f5a3242e87c1862708f,Ajay Kumar Garg Engineering College,AKGEC,"Ghaziabad, Uttar Pradesh",AKTU,Private / Autonomous,,0,True,2026-06-08T08:37:46.054000Z,
6a267f5a3242e87c18627090,Krishna Engineering College,KEC-GZB,"Ghaziabad, Uttar Pradesh",AKTU,Private / Affiliated,,0,True,2026-06-08T08:37:46.054000Z,
6a267f5a3242e87c18627091,JSS Academy of Technical Education Noida,JSSATEN,"Noida, Uttar Pradesh",AKTU,Private / Autonomous,,0,True,2026-06-08T08:37:46.054000Z,
6a267f5a3242e87c18627092,Galgotias College of Engineering and Technology,GCET-GN,"Greater Noida, Uttar Pradesh",AKTU,Private / Affiliated,,0,True,2026-06-08T08:37:46.054000Z,
6a267f5a3242e87c18627093,Malaviya National Institute of Technology,MNIT,"Jaipur, Rajasthan",MNIT (NIT),Government / NIT,,0,True,2026-06-08T08:37:46.055000Z,
6a267f5a3242e87c18627094,Government Engineering College Ajmer,GEC-AJM,"Ajmer, Rajasthan",RTU,Government,,0,True,2026-06-08T08:37:46.055000Z,
6a267f5a3242e87c18627095,Government Engineering College Bikaner,GEC-BKN,"Bikaner, Rajasthan",RTU,Government,,0,True,2026-06-08T08:37:46.055000Z,
6a267f5a3242e87c18627096,Poornima College of Engineering,PCE-JPR,"Jaipur, Rajasthan",RTU,Private / Autonomous,,0,True,2026-06-08T08:37:46.055000Z,
6a267f5a3242e87c18627097,Arya College of Engineering and IT,ACEIT,"Jaipur, Rajasthan",RTU,Private / Affiliated,,0,True,2026-06-08T08:37:46.055000Z,
6a267f5a3242e87c18627098,LNM Institute of Information Technology,LNMIIT,"Jaipur, Rajasthan",LNMIIT,Deemed University,,0,True,2026-06-08T08:37:46.055000Z,
6a267f5a3242e87c18627099,Manipal University Jaipur,MUJ,"Jaipur, Rajasthan",Manipal University Jaipur,Deemed University,,0,True,2026-06-08T08:37:46.055000Z,
6a267f5a3242e87c1862709a,Amity University Jaipur,AMITY-JPR,"Jaipur, Rajasthan",Amity University,Private University,,0,True,2026-06-08T08:37:46.055000Z,
6a267f5a3242e87c1862709b,Jaipur Engineering College and Research Centre,JECRC,"Jaipur, Rajasthan",RTU,Private / Affiliated,,0,True,2026-06-08T08:37:46.055000Z,
6a267f5a3242e87c1862709c,Swami Keshvanand Institute of Technology,SKIT,"Jaipur, Rajasthan",RTU,Private / Affiliated,,0,True,2026-06-08T08:37:46.055000Z,
6a267f5a3242e87c1862709d,LD College of Engineering,LDCE,"Ahmedabad, Gujarat",GTU,Government,,0,True,2026-06-08T08:37:46.055000Z,
6a267f5a3242e87c1862709e,BVM Engineering College,BVM,"Vallabh Vidyanagar, Anand, Gujarat",GTU,Government Aided,,0,True,2026-06-08T08:37:46.055000Z,
6a267f5a3242e87c1862709f,Sarvajanik College of Engineering and Technology,SCET,"Surat, Gujarat",GTU,Private / Aided,,0,True,2026-06-08T08:37:46.055000Z,
6a267f5a3242e87c186270a0,Dharmsinh Desai University,DDU,"Nadiad, Gujarat",DDU,Deemed University,,0,True,2026-06-08T08:37:46.055000Z,
6a267f5a3242e87c186270a1,Nirma University,NIRMA,"Ahmedabad, Gujarat",Nirma University,Deemed University,,0,True,2026-06-08T08:37:46.055000Z,
6a267f5a3242e87c186270a2,Pandit Deendayal Energy University,PDEU,"Gandhinagar, Gujarat",PDEU,Deemed University,,0,True,2026-06-08T08:37:46.055000Z,
6a267f5a3242e87c186270a3,Charotar University of Science and Technology,CHARUSAT,"Changa, Anand, Gujarat",CHARUSAT,Deemed University,,0,True,2026-06-08T08:37:46.055000Z,
6a267f5a3242e87c186270a4,Silver Oak University,SOU,"Ahmedabad, Gujarat",GTU,Private / Affiliated,,0,True,2026-06-08T08:37:46.055000Z,
6a267f5a3242e87c186270a5,Vishwakarma Government Engineering College,VGEC,"Chandkheda, Ahmedabad, Gujarat",GTU,Government,,0,True,2026-06-08T08:37:46.055000Z,
6a267f5a3242e87c186270a6,G.H. Patel College of Engineering and Technology,GCET-VVN,"Vallabh Vidyanagar, Gujarat",GTU,Private / Aided,,0,True,2026-06-08T08:37:46.055000Z,
6a267f5a3242e87c186270a7,Maulana Azad National Institute of Technology,MANIT,"Bhopal, Madhya Pradesh",MANIT (NIT),Government / NIT,,0,True,2026-06-08T08:37:46.055000Z,
6a267f5a3242e87c186270a8,Shri Govindram Seksaria Institute of Technology and Science,SGSITS,"Indore, Madhya Pradesh",RGPV,Government Aided,,0,True,2026-06-08T08:37:46.055000Z,
6a267f5a3242e87c186270a9,Institute of Engineering and Technology DAVV,IET-DAVV,"Indore, Madhya Pradesh",DAVV,Government,,0,True,2026-06-08T08:37:46.055000Z,
6a267f5a3242e87c186270aa,Madhav Institute of Technology and Science,MITS-GWALIOR,"Gwalior, Madhya Pradesh",RGPV,Government Aided,,0,True,2026-06-08T08:37:46.055000Z,
6a267f5a3242e87c186270ab,Jabalpur Engineering College,JEC,"Jabalpur, Madhya Pradesh",RGPV,Government,,0,True,2026-06-08T08:37:46.055000Z,
6a267f5a3242e87c186270ac,Samrat Ashok Technological Institute,SATI,"Vidisha, Madhya Pradesh",RGPV,Government,,0,True,2026-06-08T08:37:46.055000Z,
6a267f5a3242e87c186270ad,Truba Institute of Engineering and Information Technology,TIEIT,"Bhopal, Madhya Pradesh",RGPV,Private / Affiliated,,0,True,2026-06-08T08:37:46.055000Z,
6a267f5a3242e87c186270ae,Oriental Institute of Science and Technology,OIST-BPL,"Bhopal, Madhya Pradesh",RGPV,Private / Affiliated,,0,True,2026-06-08T08:37:46.055000Z,
6a267f5a3242e87c186270af,IPS Academy College of Engineering,IPS-ACET,"Indore, Madhya Pradesh",RGPV,Private / Affiliated,,0,True,2026-06-08T08:37:46.055000Z,
6a267f5a3242e87c186270b0,Acropolis Institute of Technology and Research,AITR,"Indore, Madhya Pradesh",RGPV,Private / Affiliated,,0,True,2026-06-08T08:37:46.055000Z,
6a267f5a3242e87c186270b1,Jadavpur University Faculty of Engineering and Technology,JU-FET,"Jadavpur, Kolkata, West Bengal",Jadavpur University,Government,,0,True,2026-06-08T08:37:46.055000Z,
6a267f5a3242e87c186270b2,Heritage Institute of Technology,HIT-KOL,"Kolkata, West Bengal",MAKAUT,Private / Affiliated,,0,True,2026-06-08T08:37:46.055000Z,
6a267f5a3242e87c186270b3,Institute of Engineering and Management Kolkata,IEM-KOL,"Kolkata, West Bengal",MAKAUT,Private / Affiliated,,0,True,2026-06-08T08:37:46.055000Z,
6a267f5a3242e87c186270b4,Techno India University,TIU,"Salt Lake, Kolkata, West Bengal",Techno India University,Private University,,0,True,2026-06-08T08:37:46.055000Z,
6a267f5a3242e87c186270b5,Narula Institute of Technology,NIT-KOL,"Agarpara, Kolkata, West Bengal",MAKAUT,Private / Affiliated,,0,True,2026-06-08T08:37:46.055000Z,
6a267f5a3242e87c186270b6,Calcutta Institute of Engineering and Management,CIEM,"Tollygunge, Kolkata, West Bengal",MAKAUT,Private / Affiliated,,0,True,2026-06-08T08:37:46.055000Z,
6a267f5a3242e87c186270b7,RCC Institute of Information Technology,RCCIIT,"Beliaghata, Kolkata, West Bengal",MAKAUT,Government Aided,,0,True,2026-06-08T08:37:46.055000Z,
6a267f5a3242e87c186270b8,GNIT Girls Institute of Technology,GNIT-KOL,"Kolkata, West Bengal",MAKAUT,Private / Affiliated,,0,True,2026-06-08T08:37:46.055000Z,
6a267f5a3242e87c186270b9,Haldia Institute of Technology,HIT-HALDIA,"Haldia, West Bengal",MAKAUT,Private / Affiliated,,0,True,2026-06-08T08:37:46.055000Z,
6a267f5a3242e87c186270ba,Asansol Engineering College,AEC,"Asansol, West Bengal",MAKAUT,Government Aided,,0,True,2026-06-08T08:37:46.055000Z,
6a267f5a3242e87c186270bb,National Institute of Technology Patna,NIT-PAT,"Patna, Bihar",NIT Patna,Government / NIT,,0,True,2026-06-08T08:37:46.055000Z,
6a267f5a3242e87c186270bc,Bihar Engineering University,BEU,"Patna, Bihar",BEU,Government,,0,True,2026-06-08T08:37:46.055000Z,
6a267f5a3242e87c186270bd,Gaya College of Engineering,GCE-GAYA,"Gaya, Bihar",BEU,Government,,0,True,2026-06-08T08:37:46.055000Z,
6a267f5a3242e87c186270be,National Institute of Technology Jamshedpur,NIT-JMS,"Jamshedpur, Jharkhand",NIT Jamshedpur,Government / NIT,,0,True,2026-06-08T08:37:46.055000Z,
6a267f5a3242e87c186270bf,BIT Sindri,BIT-SINDRI,"Sindri, Dhanbad, Jharkhand",BIT Sindri,Government,,0,True,2026-06-08T08:37:46.055000Z,
6a267f5a3242e87c186270c0,Birla Institute of Technology Mesra,BIT-MESRA,"Mesra, Ranchi, Jharkhand",BIT Mesra,Deemed University,,0,True,2026-06-08T08:37:46.055000Z,
6a267f5a3242e87c186270c1,BIT Deoghar,BIT-DEOGHAR,"Deoghar, Jharkhand",BIT Mesra,Deemed University,,0,True,2026-06-08T08:37:46.055000Z,
6a267f5a3242e87c186270c2,Ramgovind Institute of Technology,RGIT-JH,"Koderma, Jharkhand",JKUAT,Private / Affiliated,,0,True,2026-06-08T08:37:46.055000Z,
6a267f5a3242e87c186270c3,National Institute of Technology Rourkela,NIT-RKL,"Rourkela, Odisha",NIT Rourkela,Government / NIT,,0,True,2026-06-08T08:37:46.055000Z,
6a267f5a3242e87c186270c4,College of Engineering and Technology Bhubaneswar,CET-BBS,"Bhubaneswar, Odisha",BPUT,Government,,0,True,2026-06-08T08:37:46.055000Z,
6a267f5a3242e87c186270c5,Gandhi Engineering College,GEC-BBS,"Bhubaneswar, Odisha",BPUT,Private / Affiliated,,0,True,2026-06-08T08:37:46.055000Z,
6a267f5a3242e87c186270c6,Siksha O Anusandhan University,SOA,"Bhubaneswar, Odisha",SOA University,Deemed University,,0,True,2026-06-08T08:37:46.055000Z,
6a267f5a3242e87c186270c7,Kalinga Institute of Industrial Technology,KIIT,"Bhubaneswar, Odisha",KIIT University,Deemed University,,0,True,2026-06-08T08:37:46.055000Z,
6a267f5a3242e87c186270c8,IIIT Bhubaneswar,IIIT-BBS,"Bhubaneswar, Odisha",IIIT Bhubaneswar,Government,,0,True,2026-06-08T08:37:46.055000Z,
6a267f5a3242e87c186270c9,Trident Academy of Technology,TAT,"Bhubaneswar, Odisha",BPUT,Private / Affiliated,,0,True,2026-06-08T08:37:46.055000Z,
6a267f5a3242e87c186270ca,Silicon Institute of Technology,SIT-BBS,"Bhubaneswar, Odisha",BPUT,Private / Affiliated,,0,True,2026-06-08T08:37:46.055000Z,
6a267f5a3242e87c186270cb,Thapar Institute of Engineering and Technology,THAPAR,"Patiala, Punjab",Thapar University,Deemed University,,0,True,2026-06-08T08:37:46.055000Z,
6a267f5a3242e87c186270cc,National Institute of Technology Jalandhar,NIT-JLD,"Jalandhar, Punjab",NIT Jalandhar,Government / NIT,,0,True,2026-06-08T08:37:46.055000Z,
6a267f5a3242e87c186270cd,Punjab Engineering College,PEC,Chandigarh,Chandigarh University,Government,,0,True,2026-06-08T08:37:46.055000Z,
6a267f5a3242e87c186270ce,Chandigarh University,CU-MOHALI,"Mohali, Punjab",Chandigarh University,Deemed University,,0,True,2026-06-08T08:37:46.055000Z,
6a267f5a3242e87c186270cf,Chitkara University Punjab,CHITKARA-PB,"Rajpura, Punjab",Chitkara University,Deemed University,,0,True,2026-06-08T08:37:46.055000Z,
6a267f5a3242e87c186270d0,Lovely Professional University,LPU,"Phagwara, Punjab",LPU,Private University,,0,True,2026-06-08T08:37:46.055000Z,
6a267f5a3242e87c186270d1,DAV Institute of Engineering and Technology,DAVIET,"Jalandhar, Punjab",IKG-PTU,Private / Affiliated,,0,True,2026-06-08T08:37:46.055000Z,
6a267f5a3242e87c186270d2,National Institute of Technology Kurukshetra,NIT-KKR,"Kurukshetra, Haryana",NIT Kurukshetra,Government / NIT,,0,True,2026-06-08T08:37:46.055000Z,
6a267f5a3242e87c186270d3,DCR University of Science and Technology,DCRUST,"Murthal, Sonepat, Haryana",DCRUST,Government,,0,True,2026-06-08T08:37:46.055000Z,
6a267f5a3242e87c186270d4,Manav Rachna College of Engineering,MRCE,"Faridabad, Haryana",MDU / Manav Rachna University,Private / Affiliated,,0,True,2026-06-08T08:37:46.055000Z,
6a267f5a3242e87c186270d5,National Institute of Technology Hamirpur,NIT-HMR,"Hamirpur, Himachal Pradesh",NIT Hamirpur,Government / NIT,,0,True,2026-06-08T08:37:46.055000Z,
6a267f5a3242e87c186270d6,Jaypee University of Information Technology,JUIT,"Waknaghat, Solan, Himachal Pradesh",JUIT,Deemed University,,0,True,2026-06-08T08:37:46.055000Z,
6a267f5a3242e87c186270d7,Shoolini University,SHOOLINI,"Solan, Himachal Pradesh",Shoolini University,Deemed University,,0,True,2026-06-08T08:37:46.055000Z,
6a267f5a3242e87c186270d8,APG Shimla University,APGSU,"Shimla, Himachal Pradesh",Shimla University,Private University,,0,True,2026-06-08T08:37:46.055000Z,
6a267f5a3242e87c186270d9,IIT Roorkee,IITR,"Roorkee, Uttarakhand",IIT Roorkee,Government / IIT,,0,True,2026-06-08T08:37:46.055000Z,
6a267f5a3242e87c186270da,Graphic Era University,GEU,"Dehradun, Uttarakhand",Graphic Era University,Deemed University,,0,True,2026-06-08T08:37:46.055000Z,
6a267f5a3242e87c186270db,DIT University,DITU,"Dehradun, Uttarakhand",DIT University,Private University,,0,True,2026-06-08T08:37:46.055000Z,
6a267f5a3242e87c186270dc,Uttarakhand Technical University,UTU,"Dehradun, Uttarakhand",UTU,Government,,0,True,2026-06-08T08:37:46.055000Z,
6a267f5a3242e87c186270dd,College of Technology G.B. Pant University,COT-GBPU,"Pantnagar, Uttarakhand",GBPUAT,Government,,0,True,2026-06-08T08:37:46.055000Z,
6a267f5a3242e87c186270de,National Institute of Technology Silchar,NIT-SLC,"Silchar, Assam",NIT Silchar,Government / NIT,,0,True,2026-06-08T08:37:46.055000Z,
6a267f5a3242e87c186270df,Assam Engineering College,AEC-GHY,"Guwahati, Assam",Gauhati University,Government,,0,True,2026-06-08T08:37:46.055000Z,
6a267f5a3242e87c186270e0,Royal School of Engineering and Technology,RSET-GHY,"Guwahati, Assam",Gauhati University,Private / Affiliated,,0,True,2026-06-08T08:37:46.055000Z,
6a267f5a3242e87c186270e1,National Institute of Technology Meghalaya,NIT-MEG,"Shillong, Meghalaya",NIT Meghalaya,Government / NIT,,0,True,2026-06-08T08:37:46.055000Z,
6a267f5a3242e87c186270e2,National Institute of Technology Mizoram,NIT-MIZ,"Aizawl, Mizoram",NIT Mizoram,Government / NIT,,0,True,2026-06-08T08:37:46.055000Z,
6a267f5a3242e87c186270e3,National Institute of Technology Nagaland,NIT-NAG,"Dimapur, Nagaland",NIT Nagaland,Government / NIT,,0,True,2026-06-08T08:37:46.055000Z,
6a267f5a3242e87c186270e4,National Institute of Technology Manipur,NIT-MNP,"Imphal, Manipur",NIT Manipur,Government / NIT,,0,True,2026-06-08T08:37:46.055000Z,
6a267f5a3242e87c186270e5,National Institute of Technology Arunachal Pradesh,NIT-ARU,"Yupia, Arunachal Pradesh",NIT Arunachal Pradesh,Government / NIT,,0,True,2026-06-08T08:37:46.055000Z,
6a267f5a3242e87c186270e6,College of Engineering Trivandrum,CET-TVM,"Thiruvananthapuram, Kerala",APJ Abdul Kalam Technological University,Government,,0,True,2026-06-08T08:37:46.055000Z,
6a267f5a3242e87c186270e7,Government Engineering College Thrissur,GEC-TCR,"Thrissur, Kerala",APJ Abdul Kalam Technological University,Government,,0,True,2026-06-08T08:37:46.055000Z,
6a267f5a3242e87c186270e8,National Institute of Technology Calicut,NIT-CLT,"Calicut, Kerala",NIT Calicut,Government / NIT,,0,True,2026-06-08T08:37:46.055000Z,
6a267f5a3242e87c186270e9,TKM College of Engineering,TKMCE,"Kollam, Kerala",APJ Abdul Kalam Technological University,Government Aided,,0,True,2026-06-08T08:37:46.055000Z,
6a267f5a3242e87c186270ea,Rajagiri School of Engineering and Technology,RSET,"Kakkanad, Ernakulam, Kerala",APJ Abdul Kalam Technological University,Private / Affiliated,,0,True,2026-06-08T08:37:46.055000Z,
6a267f5a3242e87c186270eb,Model Engineering College,MEC-EKM,"Thrikkakara, Ernakulam, Kerala",APJ Abdul Kalam Technological University,Government,,0,True,2026-06-08T08:37:46.055000Z,
6a267f5a3242e87c186270ec,Mar Athanasius College of Engineering,MACE,"Kothamangalam, Ernakulam, Kerala",APJ Abdul Kalam Technological University,Government Aided,,0,True,2026-06-08T08:37:46.055000Z,
6a267f5a3242e87c186270ed,LBS College of Engineering,LBS-KSD,"Kasaragod, Kerala",APJ Abdul Kalam Technological University,Government,,0,True,2026-06-08T08:37:46.055000Z,
6a267f5a3242e87c186270ee,Sree Buddha College of Engineering,SBCE,"Pathanamthitta, Kerala",APJ Abdul Kalam Technological University,Private / Affiliated,,0,True,2026-06-08T08:37:46.055000Z,
6a267f5a3242e87c186270ef,Cochin University of Science and Technology,CUSAT,"Ernakulam, Kerala",CUSAT,Government,,0,True,2026-06-08T08:37:46.055000Z,
6a267f5a3242e87c186270f0,Goa College of Engineering,GCE-GOA,"Farmagudi, Ponda, Goa",Goa University,Government,,0,True,2026-06-08T08:37:46.055000Z,
6a267f5a3242e87c186270f1,Padre Conceicao College of Engineering,PCCE,"Verna, Goa",Goa University,Private / Aided,,0,True,2026-06-08T08:37:46.055000Z,
6a267f5a3242e87c186270f2,Agnel Institute of Technology and Design,AITD-GOA,"Assagao, Bardez, Goa",Goa University,Private / Affiliated,,0,True,2026-06-08T08:37:46.055000Z,
6a267f5a3242e87c186270f3,National Institute of Technology Raipur,NIT-RPR,"Raipur, Chhattisgarh",NIT Raipur,Government / NIT,,0,True,2026-06-08T08:37:46.055000Z,
6a267f5a3242e87c186270f4,Bhilai Institute of Technology,BIT-BHL,"Bhilai, Durg, Chhattisgarh",CSVTU,Private / Autonomous,,0,True,2026-06-08T08:37:46.055000Z,
6a267f5a3242e87c186270f5,Rungta College of Engineering and Technology,RCET-BHL,"Bhilai, Chhattisgarh",CSVTU,Private / Affiliated,,0,True,2026-06-08T08:37:46.055000Z,
6a267f5a3242e87c186270f6,Columbia Institute of Engineering and Technology,CIET-RPR,"Raipur, Chhattisgarh",CSVTU,Private / Affiliated,,0,True,2026-06-08T08:37:46.055000Z,
6a267f5a3242e87c186270f7,National Institute of Technology Srinagar,NIT-SRN,"Srinagar, Jammu & Kashmir",NIT Srinagar,Government / NIT,,0,True,2026-06-08T08:37:46.055000Z,
6a267f5a3242e87c186270f8,Islamic University of Science and Technology,IUST,"Awantipora, Kashmir, J&K",IUST,Government,,0,True,2026-06-08T08:37:46.055000Z,
6a267f5a3242e87c186270f9,Model Institute of Engineering and Technology,MIET-JAM,"Jammu, J&K",University of Jammu,Private / Affiliated,,0,True,2026-06-08T08:37:46.055000Z,
6a267f5a3242e87c186270fa,Indian Institute of Technology Bombay,IITB,"Powai, Mumbai, Maharashtra",IIT Bombay,Government / IIT,,0,True,2026-06-08T08:37:46.055000Z,
6a267f5a3242e87c186270fb,Indian Institute of Technology Delhi,IITD,"Hauz Khas, New Delhi",IIT Delhi,Government / IIT,,0,True,2026-06-08T08:37:46.055000Z,
6a267f5a3242e87c186270fc,Indian Institute of Technology Madras,IITM,"Adyar, Chennai, Tamil Nadu",IIT Madras,Government / IIT,,0,True,2026-06-08T08:37:46.055000Z,
6a267f5a3242e87c186270fd,Indian Institute of Technology Kanpur,IITK,"Kanpur, Uttar Pradesh",IIT Kanpur,Government / IIT,,0,True,2026-06-08T08:37:46.055000Z,
6a267f5a3242e87c186270fe,Indian Institute of Technology Kharagpur,IITKGP,"Kharagpur, West Bengal",IIT Kharagpur,Government / IIT,,0,True,2026-06-08T08:37:46.055000Z,
6a267f5a3242e87c186270ff,Indian Institute of Technology Hyderabad,IITH,"Sangareddy, Telangana",IIT Hyderabad,Government / IIT,,0,True,2026-06-08T08:37:46.055000Z,
6a267f5a3242e87c18627100,Indian Institute of Technology Gandhinagar,IITGN,"Palaj, Gandhinagar, Gujarat",IIT Gandhinagar,Government / IIT,,0,True,2026-06-08T08:37:46.055000Z,
6a267f5a3242e87c18627101,Indian Institute of Technology Bhubaneswar,IITBBS,"Arugul, Bhubaneswar, Odisha",IIT Bhubaneswar,Government / IIT,,0,True,2026-06-08T08:37:46.055000Z,
6a267f5a3242e87c18627102,Indian Institute of Technology Jodhpur,IITJ,"Jodhpur, Rajasthan",IIT Jodhpur,Government / IIT,,0,True,2026-06-08T08:37:46.055000Z,
6a267f5a3242e87c18627103,Indian Institute of Technology Patna,IITP,"Bihta, Patna, Bihar",IIT Patna,Government / IIT,,0,True,2026-06-08T08:37:46.055000Z,
6a267f5a3242e87c18627104,Indian Institute of Technology Indore,IITI,"Simrol, Indore, Madhya Pradesh",IIT Indore,Government / IIT,,0,True,2026-06-08T08:37:46.055000Z,
6a267f5a3242e87c18627105,Indian Institute of Technology Mandi,IITMANDI,"Kamand, Mandi, Himachal Pradesh",IIT Mandi,Government / IIT,,0,True,2026-06-08T08:37:46.055000Z,
6a267f5a3242e87c18627106,Indian Institute of Technology Varanasi (BHU),IIT-BHU,"Varanasi, Uttar Pradesh",IIT BHU,Government / IIT,,0,True,2026-06-08T08:37:46.055000Z,
6a267f5a3242e87c18627107,Indian Institute of Technology Guwahati,IITG,"Guwahati, Assam",IIT Guwahati,Government / IIT,,0,True,2026-06-08T08:37:46.055000Z,
6a267f5a3242e87c18627108,Indian Institute of Technology Tirupati,IITTP,"Tirupati, Andhra Pradesh",IIT Tirupati,Government / IIT,,0,True,2026-06-08T08:37:46.055000Z,
6a267f5a3242e87c18627109,National Institute of Technology Surathkal,NIT-SRT,"Surathkal, Mangaluru, Karnataka",NIT Karnataka,Government / NIT,,0,True,2026-06-08T08:37:46.055000Z,
6a267f5a3242e87c1862710a,National Institute of Technology Trichy,NIT-TCY,"Tiruchirappalli, Tamil Nadu",NIT Trichy,Government / NIT,,0,True,2026-06-08T08:37:46.055000Z,
6a267f5a3242e87c1862710b,National Institute of Technology Warangal,NIT-WGL,"Warangal, Telangana",NIT Warangal,Government / NIT,,0,True,2026-06-08T08:37:46.055000Z,
6a267f5a3242e87c1862710c,National Institute of Technology Durgapur,NIT-DGP,"Durgapur, West Bengal",NIT Durgapur,Government / NIT,,0,True,2026-06-08T08:37:46.055000Z,
6a267f5a3242e87c1862710d,National Institute of Technology Goa,NIT-GOA,"Farmagudi, Goa",NIT Goa,Government / NIT,,0,True,2026-06-08T08:37:46.055000Z,
6a267f5a3242e87c1862710e,National Institute of Technology Delhi,NIT-DEL,"Narela, New Delhi",NIT Delhi,Government / NIT,,0,True,2026-06-08T08:37:46.055000Z,
6a267f5a3242e87c1862710f,National Institute of Technology Puducherry,NIT-PDY,"Karaikal, Puducherry",NIT Puducherry,Government / NIT,,0,True,2026-06-08T08:37:46.055000Z,
6a267f5a3242e87c18627110,National Institute of Technology Agartala,NIT-AGT,"Agartala, Tripura",NIT Agartala,Government / NIT,,0,True,2026-06-08T08:37:46.055000Z,
6a267f5a3242e87c18627111,National Institute of Technology Uttarakhand,NIT-UTK,"Srinagar, Uttarakhand",NIT Uttarakhand,Government / NIT,,0,True,2026-06-08T08:37:46.055000Z,
6a267f5a3242e87c18627112,National Institute of Technology Sikkim,NIT-SKM,"Ravangla, Sikkim",NIT Sikkim,Government / NIT,,0,True,2026-06-08T08:37:46.055000Z,
6a267f5a3242e87c18627113,IIIT Hyderabad,IIIT-H,"Gachibowli, Hyderabad, Telangana",IIIT Hyderabad,Deemed University,,0,True,2026-06-08T08:37:46.055000Z,
6a267f5a3242e87c18627114,IIIT Allahabad,IIIT-A,"Allahabad, Uttar Pradesh",IIIT Allahabad,Government,,0,True,2026-06-08T08:37:46.055000Z,
6a267f5a3242e87c18627115,IIIT Bangalore,IIITB,"Electronic City, Bengaluru, Karnataka",IIIT Bangalore,Deemed University,,0,True,2026-06-08T08:37:46.055000Z,
6a267f5a3242e87c18627116,IIIT Gwalior,IIITM-GWL,"Gwalior, Madhya Pradesh",IIITM Gwalior,Deemed University,,0,True,2026-06-08T08:37:46.055000Z,
6a267f5a3242e87c18627117,IIIT Kancheepuram,IIIT-KAN,"Kancheepuram, Tamil Nadu",IIIT Kancheepuram,Government,,0,True,2026-06-08T08:37:46.055000Z,
6a267f5a3242e87c18627118,IIIT Jabalpur,IIIT-JBP,"Jabalpur, Madhya Pradesh",IIIT Jabalpur,Government,,0,True,2026-06-08T08:37:46.055000Z,
6a267f5a3242e87c18627119,IIIT Vadodara,IIIT-VDR,"Vadodara, Gujarat",IIIT Vadodara,Government,,0,True,2026-06-08T08:37:46.055000Z,
6a267f5a3242e87c1862711a,IIIT Sri City,IIIT-SRICITY,"Sri City, Andhra Pradesh",IIIT Sri City,Government,,0,True,2026-06-08T08:37:46.055000Z,
6a267f5a3242e87c1862711b,IIIT Lucknow,IIIT-LKO,"Lucknow, Uttar Pradesh",IIIT Lucknow,Government,,0,True,2026-06-08T08:37:46.055000Z,
6a267f5a3242e87c1862711c,IIIT Dharwad,IIIT-DWD,"Dharwad, Karnataka",IIIT Dharwad,Government,,0,True,2026-06-08T08:37:46.055000Z,
6a267f5a3242e87c1862711d,VIT University Vellore,VIT-VLR,"Vellore, Tamil Nadu",VIT University,Deemed University,,0,True,2026-06-08T08:37:46.055000Z,
6a267f5a3242e87c1862711e,VIT University Chennai,VIT-CHN,"Chennai, Tamil Nadu",VIT University,Deemed University,,0,True,2026-06-08T08:37:46.055000Z,
6a267f5a3242e87c1862711f,SRM Institute of Science and Technology,SRMIST,"Kattankulathur, Chennai, Tamil Nadu",SRM University,Deemed University,,0,True,2026-06-08T08:37:46.055000Z,
6a267f5a3242e87c18627120,Manipal Institute of Technology,MIT-MANIPAL,"Manipal, Udupi, Karnataka",Manipal Academy of Higher Education,Deemed University,,0,True,2026-06-08T08:37:46.055000Z,
6a267f5a3242e87c18627121,Birla Institute of Technology and Science Pilani,BITS-PILANI,"Pilani, Rajasthan",BITS Pilani,Deemed University,,0,True,2026-06-08T08:37:46.055000Z,
6a267f5a3242e87c18627122,BITS Pilani Hyderabad Campus,BITS-HYD,"Hyderabad, Telangana",BITS Pilani,Deemed University,,0,True,2026-06-08T08:37:46.055000Z,
6a267f5a3242e87c18627123,BITS Pilani Goa Campus,BITS-GOA,"Vasco da Gama, Goa",BITS Pilani,Deemed University,,0,True,2026-06-08T08:37:46.055000Z,
6a267f5a3242e87c18627124,Amrita School of Engineering Coimbatore,AMRITA-CBE,"Coimbatore, Tamil Nadu",Amrita Vishwa Vidyapeetham,Deemed University,,0,True,2026-06-08T08:37:46.055000Z,
6a267f5a3242e87c18627125,Amrita School of Engineering Bengaluru,AMRITA-BLR,"Bengaluru, Karnataka",Amrita Vishwa Vidyapeetham,Deemed University,,0,True,2026-06-08T08:37:46.055000Z,
6a267f5a3242e87c18627126,Vellore Institute of Technology Amaravati,VIT-AMR,"Amaravati, Andhra Pradesh",VIT-AP University,Deemed University,,0,True,2026-06-08T08:37:46.055000Z,
6a26923ac7af6b7a8a2f9837,Shri Dharmasthala Manjunatheshwara College of Engineering and Technology,SDMCET,"Dharwad, Karnataka, India","Visvesvaraya Technological University (VTU), Belagavi",Engineering,https://sdmcet.ac.in/logo.png,0,True,2026-06-08T09:58:18.555000Z,
6a2d3285e591b56029260060,Malla Reddy College of Engineering and Technology,MRCET,"Maisammaguda, Secunderabad, Telangana",JNTUH,Private / Autonomous,,0,True,2026-06-13T10:35:49.325000Z,
6a2d3285e591b56029260061,Malla Reddy Engineering College,MREC,"Maisammaguda, Secunderabad, Telangana",JNTUH,Private / Autonomous,,0,True,2026-06-13T10:35:49.393000Z,
6a2d3285e591b56029260062,Vignan Institute of Technology and Science,VITS-HYD,"Deshmukhi, Yadadri Bhuvanagiri, Telangana",JNTUH,Private / Autonomous,,0,True,2026-06-13T10:35:49.452000Z,
6a2d3285e591b56029260063,Bharat Institute of Engineering and Technology,BIET-HYD,"Mangalpally, Ibrahimpatnam, Telangana",JNTUH,Private / Autonomous,,0,True,2026-06-13T10:35:49.497000Z,
6a2d3285e591b56029260064,Geethanjali College of Engineering and Technology,GCET-HYD,"Cheeryal, Keesara, Telangana",JNTUH,Private / Autonomous,,0,True,2026-06-13T10:35:49.540000Z,
6a2d3285e591b56029260065,Hyderabad Institute of Technology and Management,HITAM,"Gowdavelly, Medchal, Telangana",JNTUH,Private / Autonomous,,0,True,2026-06-13T10:35:49.588000Z,
6a2d3285e591b56029260066,JB Institute of Engineering and Technology,JBIET,"Yenkapally, Moinabad, Telangana",JNTUH,Private / Autonomous,,0,True,2026-06-13T10:35:49.646000Z,
6a2d3285e591b56029260067,Methodist College of Engineering and Technology,MCET,"Abids, Hyderabad, Telangana",Osmania University,Private / Autonomous,,0,True,2026-06-13T10:35:49.699000Z,
6a2d3285e591b56029260068,Stanley College of Engineering and Technology for Women,STANLEY,"Abids, Hyderabad, Telangana",Osmania University,Private / Autonomous,,0,True,2026-06-13T10:35:49.759000Z,
6a2d3285e591b56029260069,St. Martin's Engineering College,SMEC,"Dhulapally, Secunderabad, Telangana",JNTUH,Private / Autonomous,,0,True,2026-06-13T10:35:49.820000Z,
6a2d3285e591b5602926006a,Lords Institute of Engineering and Technology,LORDS,"Himayathsagar, Hyderabad, Telangana",JNTUH,Private / Autonomous,,0,True,2026-06-13T10:35:49.890000Z,
6a2d3285e591b5602926006b,CMR Technical Campus,CMRTC,"Kandlakoya, Medchal, Telangana",JNTUH,Private / Autonomous,,0,True,2026-06-13T10:35:49.958000Z,
6a2d3286e591b5602926006c,CMR Engineering College,CMREC,"Kandlakoya, Medchal, Telangana",JNTUH,Private / Autonomous,,0,True,2026-06-13T10:35:50.015000Z,
6a2d3286e591b5602926006d,CMR College of Engineering and Technology,CMRCET,"Kandlakoya, Medchal, Telangana",JNTUH,Private / Autonomous,,0,True,2026-06-13T10:35:50.074000Z,
6a2d3286e591b5602926006e,Aurora's Technological and Research Institute,ATRI,"Paruppally, Uppal, Telangana",JNTUH,Private / Autonomous,,0,True,2026-06-13T10:35:50.124000Z,
6a2d3286e591b5602926006f,Guru Nanak Institutions Technical Campus,GNITC,"Ibrahimpatnam, Hyderabad, Telangana",JNTUH,Private / Autonomous,,0,True,2026-06-13T10:35:50.168000Z,
6a2d3286e591b56029260070,Guru Nanak Institute of Technology,GNIT-HYD,"Ibrahimpatnam, Hyderabad, Telangana",JNTUH,Private / Autonomous,,0,True,2026-06-13T10:35:50.220000Z,
6a2d3286e591b56029260071,Vidya Jyothi Institute of Technology,VJIT,"Aziznagar, Hyderabad, Telangana",JNTUH,Private / Autonomous,,0,True,2026-06-13T10:35:50.276000Z,
6a2d3286e591b56029260072,Sphoorthy Engineering College,SPHOORTHY,"Saroornagar, Hyderabad, Telangana",JNTUH,Private / Autonomous,,0,True,2026-06-13T10:35:50.341000Z,
6a2d3286e591b56029260073,ACE Engineering College,ACEEC,"Ghatkesar, Hyderabad, Telangana",JNTUH,Private / Autonomous,,0,True,2026-06-13T10:35:50.410000Z,
6a2d3286e591b56029260074,Kommuri Pratap Reddy Institute of Technology,KPRIT,"Ghatkesar, Hyderabad, Telangana",JNTUH,Private / Autonomous,,0,True,2026-06-13T10:35:50.465000Z,
6a2d3286e591b56029260075,Samskruti College of Engineering and Technology,SAMS,"Ghatkesar, Hyderabad, Telangana",JNTUH,Private / Autonomous,,0,True,2026-06-13T10:35:50.520000Z,
6a2d3286e591b56029260076,Marri Laxman Reddy Institute of Technology,MLRIT,"Dundigal, Hyderabad, Telangana",JNTUH,Private / Autonomous,,0,True,2026-06-13T10:35:50.569000Z,
6a2d3286e591b56029260077,MLR Institute of Technology,MLRID,"Dundigal, Hyderabad, Telangana",JNTUH,Private / Autonomous,,0,True,2026-06-13T10:35:50.622000Z,
6a2d3286e591b56029260078,St. Peter's Engineering College,SPEC,"Maisammaguda, Secunderabad, Telangana",JNTUH,Private / Autonomous,,0,True,2026-06-13T10:35:50.669000Z,
6a2d3286e591b56029260079,Teegala Krishna Reddy Engineering College,TKREC,"Meerpet, Hyderabad, Telangana",JNTUH,Private / Autonomous,,0,True,2026-06-13T10:35:50.724000Z,
6a2d3286e591b5602926007a,Jayaprakash Narayan College of Engineering,JPNCE,"Mahabubnagar, Telangana",JNTUH,Private / Autonomous,,0,True,2026-06-13T10:35:50.791000Z,
6a2d3286e591b5602926007b,Jyothishmathi Institute of Technology and Science,JITS,"Karimnagar, Telangana",JNTUH,Private / Autonomous,,0,True,2026-06-13T10:35:50.846000Z,
6a2d3286e591b5602926007c,Kamala Institute of Technology and Science,KITS-KARIMNAGAR,"Singapur, Karimnagar, Telangana",JNTUH,Private / Autonomous,,0,True,2026-06-13T10:35:50.905000Z,
6a2d3286e591b5602926007d,Vignan's Institute of Management and Technology for Women,VMTW,"Ghatkesar, Hyderabad, Telangana",JNTUH,Private / Autonomous,,0,True,2026-06-13T10:35:50.964000Z,
6a2d3287e591b5602926007e,Holy Mary Institute of Technology and Science,HITS,"Bogaram, Medchal, Telangana",JNTUH,Private / Autonomous,,0,True,2026-06-13T10:35:51.026000Z,
6a2d3287e591b5602926007f,Nalla Malla Reddy Engineering College,NMREC,"Ghatkesar, Hyderabad, Telangana",JNTUH,Private / Autonomous,,0,True,2026-06-13T10:35:51.085000Z,
6a2d3287e591b56029260080,Neil Gogte Institute of Technology,NGIT,"Kachiguda, Hyderabad, Telangana",JNTUH,Private / Autonomous,,0,True,2026-06-13T10:35:51.141000Z,
6a2d3287e591b56029260081,Pallavi Engineering College,PEC-HYD,"Hayathnagar, Hyderabad, Telangana",JNTUH,Private / Autonomous,,0,True,2026-06-13T10:35:51.186000Z,
6a2d3287e591b56029260082,Talla Padmavathi College of Engineering,TPCE,"Warangal, Telangana",JNTUH,Private / Autonomous,,0,True,2026-06-13T10:35:51.232000Z,
6a2d3287e591b56029260083,Vaagdevi College of Engineering,VCEW,"Bollikunta, Warangal, Telangana",JNTUH,Private / Autonomous,,0,True,2026-06-13T10:35:51.280000Z,
6a2d3287e591b56029260084,Vagdevi Engineering College,VECW,"Warangal, Telangana",JNTUH,Private / Autonomous,,0,True,2026-06-13T10:35:51.330000Z,
6a2d3287e591b56029260085,Balaji Institute of Technology and Science,BITS-WGL,"Laknepally, Warangal, Telangana",JNTUH,Private / Autonomous,,0,True,2026-06-13T10:35:51.383000Z,
6a2d3287e591b56029260086,Kasturba Gandhi Degree and PG College for Women,KGDCPG,"Secunderabad, Telangana",Osmania University,Private / Autonomous,,0,True,2026-06-13T10:35:51.442000Z,
6a2d3287e591b56029260087,Aurora's Degree and PG College,AURORA-DEG,"Chikkadpally, Hyderabad, Telangana",Osmania University,Private / Autonomous,,0,True,2026-06-13T10:35:51.487000Z,
6a2d3287e591b56029260088,St. Joseph's Degree and PG College,SJC-HYD,"King Koti, Hyderabad, Telangana",Osmania University,Private / Autonomous,,0,True,2026-06-13T10:35:51.530000Z,
6a2d3287e591b56029260089,Bhavan's Vivekananda College,BVC-SEC,"Sainikpuri, Secunderabad, Telangana",Osmania University,Private / Autonomous,,0,True,2026-06-13T10:35:51.579000Z,
6a2d3287e591b5602926008a,Loyola Academy Degree and PG College,LA-SEC,"Alwal, Secunderabad, Telangana",Osmania University,Private / Autonomous,,0,True,2026-06-13T10:35:51.631000Z,
6a2d3287e591b5602926008b,Sri Vasavi Engineering College,SVEC-TADEPALLI,"Tadepalligudem, West Godavari, Andhra Pradesh",JNTUK,Private / Autonomous,,0,True,2026-06-13T10:35:51.679000Z,
6a2d3287e591b5602926008c,Sree Vahini Institute of Science and Technology,SVIST,"Tiruvuru, Krishna District, Andhra Pradesh",JNTUK,Private / Autonomous,,0,True,2026-06-13T10:35:51.732000Z,
6a2d3287e591b5602926008d,Lendi Institute of Engineering and Technology,LENDI,"Jonnada, Vizianagaram, Andhra Pradesh",JNTUK,Private / Autonomous,,0,True,2026-06-13T10:35:51.776000Z,
6a2d3287e591b5602926008e,Raghu Engineering College,REC-VSP,"Bheemunipatnam, Visakhapatnam, Andhra Pradesh",JNTUK,Private / Autonomous,,0,True,2026-06-13T10:35:51.822000Z,
6a2d3287e591b5602926008f,Raghu Institute of Technology,RIT-VSP,"Bheemunipatnam, Visakhapatnam, Andhra Pradesh",JNTUK,Private / Autonomous,,0,True,2026-06-13T10:35:51.864000Z,
6a2d3287e591b56029260090,MVGR College of Engineering,MVGR,"Chintalavalasa, Vizianagaram, Andhra Pradesh",JNTUK,Private / Autonomous,,0,True,2026-06-13T10:35:51.912000Z,
6a2d3287e591b56029260091,GMR Institute of Technology,GMRIT,"Rajam, Srikakulam, Andhra Pradesh",JNTUK,Private / Autonomous,,0,True,2026-06-13T10:35:51.958000Z,
6a2d3288e591b56029260092,Aditya Engineering College,AEC-SURAMPALEM,"Surampalem, East Godavari, Andhra Pradesh",JNTUK,Private / Autonomous,,0,True,2026-06-13T10:35:52.018000Z,
6a2d3288e591b56029260093,Aditya College of Engineering and Technology,ACET-SURAMPALEM,"Surampalem, East Godavari, Andhra Pradesh",JNTUK,Private / Autonomous,,0,True,2026-06-13T10:35:52.075000Z,
6a2d3288e591b56029260094,Pragati Engineering College,PRAGATI,"Surampalem, East Godavari, Andhra Pradesh",JNTUK,Private / Autonomous,,0,True,2026-06-13T10:35:52.139000Z,
6a2d3288e591b56029260095,Shri Vishnu Engineering College for Women,SVECW,"Bhimavaram, West Godavari, Andhra Pradesh",JNTUK,Private / Autonomous,,0,True,2026-06-13T10:35:52.198000Z,
6a2d3288e591b56029260096,Vishnu Institute of Technology,VIT-BHIMAVARAM,"Bhimavaram, West Godavari, Andhra Pradesh",JNTUK,Private / Autonomous,,0,True,2026-06-13T10:35:52.252000Z,
6a2d3288e591b56029260097,SRKR Engineering College,SRKR,"Bhimavaram, West Godavari, Andhra Pradesh",Andhra University,Private / Autonomous,,0,True,2026-06-13T10:35:52.307000Z,
6a2d3288e591b56029260098,Sir C.R. Reddy College of Engineering,CRREC,"Eluru, Andhra Pradesh",Andhra University,Private / Autonomous,,0,True,2026-06-13T10:35:52.356000Z,
6a2d3288e591b56029260099,MIC College of Technology,MIC,"Kanchikacherla, Krishna District, Andhra Pradesh",JNTUK,Private / Autonomous,,0,True,2026-06-13T10:35:52.415000Z,
6a2d3288e591b5602926009a,Lakireddy Bali Reddy College of Engineering,LBRCE,"Mylavaram, Krishna District, Andhra Pradesh",JNTUK,Private / Autonomous,,0,True,2026-06-13T10:35:52.476000Z,
6a2d3288e591b5602926009b,Gudlavalleru Engineering College,GEC-GUDLAVALLERU,"Gudlavalleru, Krishna District, Andhra Pradesh",JNTUK,Private / Autonomous,,0,True,2026-06-13T10:35:52.624000Z,
6a2d3288e591b5602926009c,Vasireddy Venkatadri Institute of Technology,VVIT,"Nambur, Guntur, Andhra Pradesh",JNTUK,Private / Autonomous,,0,True,2026-06-13T10:35:52.698000Z,
6a2d3288e591b5602926009d,Chalapathi Institute of Engineering and Technology,CIET-GNT,"Lam, Guntur, Andhra Pradesh",JNTUK,Private / Autonomous,,0,True,2026-06-13T10:35:52.752000Z,
6a2d3288e591b5602926009e,Kallam Haranadhareddy Institute of Technology,KHIT,"Chowdavaram, Guntur, Andhra Pradesh",JNTUK,Private / Autonomous,,0,True,2026-06-13T10:35:52.797000Z,
6a2d3288e591b5602926009f,Vignan's Lara Institute of Technology and Science,VLITS,"Vadlamudi, Guntur, Andhra Pradesh",JNTUK,Private / Autonomous,,0,True,2026-06-13T10:35:52.842000Z,
6a2d3288e591b560292600a0,NRI Institute of Technology,NRIIT,"Pothavarappadu, Krishna District, Andhra Pradesh",JNTUK,Private / Autonomous,,0,True,2026-06-13T10:35:52.889000Z,
6a2d3288e591b560292600a1,Pace Institute of Technology and Sciences,PACE,"Ongole, Prakasam District, Andhra Pradesh",JNTUK,Private / Autonomous,,0,True,2026-06-13T10:35:52.942000Z,
6a2d3288e591b560292600a2,QIS College of Engineering and Technology,QISCET,"Ongole, Prakasam District, Andhra Pradesh",JNTUK,Private / Autonomous,,0,True,2026-06-13T10:35:52.984000Z,
6a2d3289e591b560292600a3,PBR Visvodaya Institute of Technology and Science,PBR-VITS,"Kavali, Nellore District, Andhra Pradesh",JNTUA,Private / Autonomous,,0,True,2026-06-13T10:35:53.035000Z,
6a2d3289e591b560292600a4,Audisankara College of Engineering and Technology,ASCET,"Gudur, Nellore District, Andhra Pradesh",JNTUA,Private / Autonomous,,0,True,2026-06-13T10:35:53.092000Z,
6a2d3289e591b560292600a5,Narayana Engineering College Nellore,NECN,"Nellore, Andhra Pradesh",JNTUA,Private / Autonomous,,0,True,2026-06-13T10:35:53.140000Z,
6a2d3289e591b560292600a6,Narayana Engineering College Gudur,NECG,"Gudur, Nellore District, Andhra Pradesh",JNTUA,Private / Autonomous,,0,True,2026-06-13T10:35:53.192000Z,
6a2d3289e591b560292600a7,NBKR Institute of Science and Technology,NBKRIST,"Vidyanagar, Nellore District, Andhra Pradesh",JNTUA,Private / Autonomous,,0,True,2026-06-13T10:35:53.247000Z,
6a2d3289e591b560292600a8,G. Pulla Reddy Engineering College,GPREC,"Kurnool, Andhra Pradesh",JNTUA,Private / Autonomous,,0,True,2026-06-13T10:35:53.299000Z,
6a2d3289e591b560292600a9,G. Pullaiah College of Engineering,GPCE,"Kurnool, Andhra Pradesh",JNTUA,Private / Autonomous,,0,True,2026-06-13T10:35:53.355000Z,
6a2d3289e591b560292600aa,Ravindra College of Engineering for Women,RCEW,"Kurnool, Andhra Pradesh",JNTUA,Private / Autonomous,,0,True,2026-06-13T10:35:53.411000Z,
6a2d3289e591b560292600ab,Rajeev Gandhi Memorial College of Engineering and Technology,RGMCET,"Nandyal, Kurnool, Andhra Pradesh",JNTUA,Private / Autonomous,,0,True,2026-06-13T10:35:53.457000Z,
6a2d3289e591b560292600ac,Santhiram Engineering College,SREC-NDL,"Nandyal, Kurnool, Andhra Pradesh",JNTUA,Private / Autonomous,,0,True,2026-06-13T10:35:53.505000Z,
6a2d3289e591b560292600ad,Madanapalle Institute of Technology and Science,MITS,"Madanapalle, Chittoor District, Andhra Pradesh",JNTUA,Private / Autonomous,,0,True,2026-06-13T10:35:53.565000Z,
6a2d3289e591b560292600ae,Annamacharya Institute of Technology and Sciences Rajampet,AITS-RJP,"Rajampet, Kadapa District, Andhra Pradesh",JNTUA,Private / Autonomous,,0,True,2026-06-13T10:35:53.621000Z,
6a2d3289e591b560292600af,Annamacharya Institute of Technology and Sciences Tirupati,AITS-TPT,"Tirupati, Chittoor District, Andhra Pradesh",JNTUA,Private / Autonomous,,0,True,2026-06-13T10:35:53.676000Z,
6a2d3289e591b560292600b0,Sri Venkateswara College of Engineering and Technology Chittoor,SVCET,"Chittoor, Andhra Pradesh",JNTUA,Private / Autonomous,,0,True,2026-06-13T10:35:53.734000Z,
6a2d3289e591b560292600b1,Kuppam Engineering College,KEC-KUPPAM,"Kuppam, Chittoor District, Andhra Pradesh",JNTUA,Private / Autonomous,,0,True,2026-06-13T10:35:53.798000Z,
6a2d3289e591b560292600b2,JNTUK College of Engineering Vizianagaram,JNTUK-CEV,"Vizianagaram, Andhra Pradesh",JNTUK,Government,,0,True,2026-06-13T10:35:53.838000Z,
6a2d3289e591b560292600b3,JNTUK College of Engineering Narasaraopet,JNTUK-CEN,"Narasaraopet, Guntur, Andhra Pradesh",JNTUK,Government,,0,True,2026-06-13T10:35:53.887000Z,
6a2d3289e591b560292600b4,Vignan's Institute of Information Technology,VIIT,"Duvvada, Visakhapatnam, Andhra Pradesh",JNTUK,Private / Autonomous,,0,True,2026-06-13T10:35:53.934000Z,
6a2d3289e591b560292600b5,BMS Institute of Technology and Management,BMSIT,"Yelahanka, Bengaluru, Karnataka",VTU,Private / Autonomous,,0,True,2026-06-13T10:35:53.993000Z,
6a2d328ae591b560292600b6,Ramaiah University of Applied Sciences,RUAS,"Peenya, Bengaluru, Karnataka",RUAS,Private University,,0,True,2026-06-13T10:35:54.048000Z,
6a2d328ae591b560292600b7,Sir M. Visvesvaraya Institute of Technology,SIRMVIT,"Yelahanka, Bengaluru, Karnataka",VTU,Private / Autonomous,,0,True,2026-06-13T10:35:54.476000Z,
6a2d328be591b560292600b8,MVJ College of Engineering,MVJCE,"Whitefield, Bengaluru, Karnataka",VTU,Private / Autonomous,,0,True,2026-06-13T10:35:55.436000Z,
6a2d328be591b560292600b9,Bangalore Institute of Technology,BIT-BLR,"VV Puram, Bengaluru, Karnataka",VTU,Private / Autonomous,,0,True,2026-06-13T10:35:55.484000Z,
6a2d328be591b560292600ba,RNS Institute of Technology,RNSIT,"Rajarajeshwarinagar, Bengaluru, Karnataka",VTU,Private / Autonomous,,0,True,2026-06-13T10:35:55.554000Z,
6a2d328be591b560292600bb,JSS Academy of Technical Education Bengaluru,JSSATEB,"Kengeri, Bengaluru, Karnataka",VTU,Private / Autonomous,,0,True,2026-06-13T10:35:55.604000Z,
6a2d328be591b560292600bc,SJB Institute of Technology,SJBIT,"Kengeri, Bengaluru, Karnataka",VTU,Private / Autonomous,,0,True,2026-06-13T10:35:55.655000Z,
6a2d328be591b560292600bd,Global Academy of Technology,GAT,"Rajarajeshwarinagar, Bengaluru, Karnataka",VTU,Private / Autonomous,,0,True,2026-06-13T10:35:55.713000Z,
6a2d328be591b560292600be,Dayananda Sagar Academy of Technology and Management,DSATM,"Kanakapura Road, Bengaluru, Karnataka",VTU,Private / Autonomous,,0,True,2026-06-13T10:35:55.758000Z,
6a2d328be591b560292600bf,Don Bosco Institute of Technology Bengaluru,DBIT-BLR,"Kumbalagodu, Bengaluru, Karnataka",VTU,Private / Autonomous,,0,True,2026-06-13T10:35:55.811000Z,
6a2d328be591b560292600c0,East Point College of Engineering and Technology,EPCET,"Avalahalli, Bengaluru, Karnataka",VTU,Private / Affiliated,,0,True,2026-06-13T10:35:55.864000Z,
6a2d328be591b560292600c1,Acharya Institute of Technology,AIT-KA,"Soladevanahalli, Bengaluru, Karnataka",VTU,Private / Autonomous,,0,True,2026-06-13T10:35:55.924000Z,
6a2d328be591b560292600c2,T. John Institute of Technology,TJIT,"Bannerghatta Road, Bengaluru, Karnataka",VTU,Private / Affiliated,,0,True,2026-06-13T10:35:55.972000Z,
6a2d328ce591b560292600c3,Cambridge Institute of Technology,CIT-BLR,"KR Puram, Bengaluru, Karnataka",VTU,Private / Autonomous,,0,True,2026-06-13T10:35:56.026000Z,
6a2d328ce591b560292600c4,KNS Institute of Technology,KNSIT,"Yelahanka, Bengaluru, Karnataka",VTU,Private / Affiliated,,0,True,2026-06-13T10:35:56.082000Z,
6a2d328ce591b560292600c5,Reva University,REVA,"Yelahanka, Bengaluru, Karnataka",REVA University,Private University,,0,True,2026-06-13T10:35:56.131000Z,
6a2d328ce591b560292600c6,Alliance University,ALLIANCE,"Anekal, Bengaluru, Karnataka",Alliance University,Private University,,0,True,2026-06-13T10:35:56.189000Z,
6a2d328ce591b560292600c7,Presidency University,PRESIDENCY,"Yelahanka, Bengaluru, Karnataka",Presidency University,Private University,,0,True,2026-06-13T10:35:56.242000Z,
6a2d328ce591b560292600c8,CMR University,CMRU,"HRBR Layout, Bengaluru, Karnataka",CMR University,Private University,,0,True,2026-06-13T10:35:56.296000Z,
6a2d328ce591b560292600c9,Atria Institute of Technology,ATRIA,"RT Nagar, Bengaluru, Karnataka",VTU,Private / Autonomous,,0,True,2026-06-13T10:35:56.355000Z,
6a2d328ce591b560292600ca,KS Institute of Technology,KSIT,"Kanakapura Road, Bengaluru, Karnataka",VTU,Private / Affiliated,,0,True,2026-06-13T10:35:56.420000Z,
6a2d328ce591b560292600cb,Vemana Institute of Technology,VEMANA,"Koramangala, Bengaluru, Karnataka",VTU,Private / Affiliated,,0,True,2026-06-13T10:35:56.478000Z,
6a2d328ce591b560292600cc,Sambhram Institute of Technology,SaIT,"Jalahalli, Bengaluru, Karnataka",VTU,Private / Affiliated,,0,True,2026-06-13T10:35:56.532000Z,
6a2d328ce591b560292600cd,HKBK College of Engineering,HKBK,"Nagawara, Bengaluru, Karnataka",VTU,Private / Affiliated,,0,True,2026-06-13T10:35:56.583000Z,
6a2d328ce591b560292600ce,Sapthagiri College of Engineering,SCE-BLR,"Chikkabanavara, Bengaluru, Karnataka",VTU,Private / Affiliated,,0,True,2026-06-13T10:35:56.634000Z,
6a2d328ce591b560292600cf,Oxford College of Engineering,TOCE,"Bommanahalli, Bengaluru, Karnataka",VTU,Private / Affiliated,,0,True,2026-06-13T10:35:56.690000Z,
6a2d328ce591b560292600d0,City Engineering College,CEC-BLR,"Kanakapura Road, Bengaluru, Karnataka",VTU,Private / Affiliated,,0,True,2026-06-13T10:35:56.737000Z,
6a2d328ce591b560292600d1,AMC Engineering College,AMCEC,"Bannerghatta Road, Bengaluru, Karnataka",VTU,Private / Autonomous,,0,True,2026-06-13T10:35:56.779000Z,
6a2d328ce591b560292600d2,Ghousia College of Engineering,GCE-RAMANAGARA,"Ramanagara, Karnataka",VTU,Private / Affiliated,,0,True,2026-06-13T10:35:56.827000Z,
6a2d328ce591b560292600d3,Shridevi Institute of Engineering and Technology,SIET-TUMKUR,"Tumakuru, Karnataka",VTU,Private / Affiliated,,0,True,2026-06-13T10:35:56.873000Z,
6a2d328ce591b560292600d4,Kalpataru Institute of Technology,KIT-TIPTUR,"Tiptur, Tumakuru, Karnataka",VTU,Private / Affiliated,,0,True,2026-06-13T10:35:56.932000Z,
6a2d328ce591b560292600d5,PES Institute of Technology and Management Shivamogga,PESITM,"Shivamogga, Karnataka",VTU,Private / Affiliated,,0,True,2026-06-13T10:35:56.983000Z,
6a2d328de591b560292600d6,Jawaharlal Nehru National College of Engineering Shivamogga,JNNCE,"Shivamogga, Karnataka",VTU,Private / Autonomous,,0,True,2026-06-13T10:35:57.047000Z,
6a2d328de591b560292600d7,Malnad College of Engineering Hassan,MCE-HASSAN,"Hassan, Karnataka",VTU,Government Aided / Autonomous,,0,True,2026-06-13T10:35:57.094000Z,
6a2d328de591b560292600d8,Adichunchanagiri Institute of Technology Chikmagalur,AIT-CKM,"Chikkamagaluru, Karnataka",VTU,Private / Affiliated,,0,True,2026-06-13T10:35:57.160000Z,
6a2d328de591b560292600d9,Basaveshwar Engineering College Bagalkot,BEC-BGK,"Bagalkot, Karnataka",VTU,Government Aided / Autonomous,,0,True,2026-06-13T10:35:57.215000Z,
6a2d328de591b560292600da,BLDEA's V.P. Dr. P.G. Halakatti College of Engineering Vijayapur,BLDEA,"Vijayapura, Karnataka",VTU,Private / Autonomous,,0,True,2026-06-13T10:35:57.263000Z,
6a2d328de591b560292600db,NMAM Institute of Technology Nitte,NMAMIT,"Nitte, Karkala, Karnataka",NITTE University,Deemed / Autonomous,,0,True,2026-06-13T10:35:57.324000Z,
6a2d328de591b560292600dc,St. Joseph Engineering College Mangaluru,SJEC,"Vamanjoor, Mangaluru, Karnataka",VTU,Private / Autonomous,,0,True,2026-06-13T10:35:57.385000Z,
6a2d328de591b560292600dd,Sahyadri College of Engineering and Management Mangaluru,SAHYADRI,"Adyar, Mangaluru, Karnataka",VTU,Private / Autonomous,,0,True,2026-06-13T10:35:57.439000Z,
6a2d328de591b560292600de,Srinivas Institute of Technology Mangaluru,SIT-MNG,"Valachil, Mangaluru, Karnataka",VTU,Private / Affiliated,,0,True,2026-06-13T10:35:57.497000Z,
6a2d328de591b560292600df,Canara Engineering College Mangaluru,CEC-MNG,"Benjanapadavu, Mangaluru, Karnataka",VTU,Private / Affiliated,,0,True,2026-06-13T10:35:57.548000Z,
6a2d328de591b560292600e0,Alva's Institute of Engineering and Technology Moodbidri,AIET-MDB,"Moodbidri, Dakshina Kannada, Karnataka",VTU,Private / Affiliated,,0,True,2026-06-13T10:35:57.592000Z,
6a2d328de591b560292600e1,PDA College of Engineering Kalaburagi,PDACE,"Kalaburagi, Karnataka",VTU,Government Aided / Autonomous,,0,True,2026-06-13T10:35:57.642000Z,
6a2d328de591b560292600e2,GM Institute of Technology Davangere,GMIT,"Davangere, Karnataka",VTU,Private / Affiliated,,0,True,2026-06-13T10:35:57.693000Z,
6a2d328de591b560292600e3,Bapuji Institute of Engineering and Technology Davangere,BIET-DVG,"Davangere, Karnataka",VTU,Private / Autonomous,,0,True,2026-06-13T10:35:57.744000Z,
6a2d328de591b560292600e4,UBDT College of Engineering Davangere,UBDT,"Davangere, Karnataka",VTU,Government,,0,True,2026-06-13T10:35:57.803000Z,
6a2d328de591b560292600e5,Rao Bahadur Y. Mahabaleswarappa Engineering College Ballari,RYMEC,"Ballari, Karnataka",VTU,Private / Affiliated,,0,True,2026-06-13T10:35:57.861000Z,
6a2d328de591b560292600e6,Proudadevaraya Institute of Technology Hosapete,PDIT,"Hosapete, Ballari, Karnataka",VTU,Private / Affiliated,,0,True,2026-06-13T10:35:57.916000Z,
6a2d328de591b560292600e7,SG Balekundri Institute of Technology Belagavi,SGBIT,"Belagavi, Karnataka",VTU,Private / Affiliated,,0,True,2026-06-13T10:35:57.974000Z,
6a2d328ee591b560292600e8,KLS Gogte Institute of Technology Belagavi,GIT,"Belagavi, Karnataka",VTU,Private / Autonomous,,0,True,2026-06-13T10:35:58.036000Z,
6a2d328ee591b560292600e9,Maratha Mandal Engineering College Belagavi,MMEC-BGV,"Belagavi, Karnataka",VTU,Private / Affiliated,,0,True,2026-06-13T10:35:58.080000Z,
6a2d328ee591b560292600ea,Jain College of Engineering Belagavi,JCE-BGV,"Belagavi, Karnataka",VTU,Private / Affiliated,,0,True,2026-06-13T10:35:58.127000Z,
6a2d328ee591b560292600eb,Angadi Institute of Technology and Management Belagavi,AITM,"Belagavi, Karnataka",VTU,Private / Affiliated,,0,True,2026-06-13T10:35:58.172000Z,
6a2d328ee591b560292600ec,Hirasugar Institute of Technology Nidasoshi,HSIT,"Nidasoshi, Belagavi, Karnataka",VTU,Private / Affiliated,,0,True,2026-06-13T10:35:58.220000Z,
6a2d328ee591b560292600ed,Madras Institute of Technology,MIT-CHENNAI,"Chromepet, Chennai, Tamil Nadu",Anna University,Government / Autonomous,,0,True,2026-06-13T10:35:58.271000Z,
6a2d328ee591b560292600ee,Alagappa Chettiar Government College of Engineering and Technology,ACGCET,"Karaikudi, Tamil Nadu",Anna University,Government,,0,True,2026-06-13T10:35:58.323000Z,
6a2d328ee591b560292600ef,Government College of Engineering Salem,GCE-SALEM,"Salem, Tamil Nadu",Anna University,Government,,0,True,2026-06-13T10:35:58.376000Z,
6a2d328ee591b560292600f0,Government College of Engineering Tirunelveli,GCE-TNY,"Tirunelveli, Tamil Nadu",Anna University,Government,,0,True,2026-06-13T10:35:58.430000Z,
6a2d328ee591b560292600f1,Government College of Engineering Bargur,GCE-BARGUR,"Bargur, Krishnagiri, Tamil Nadu",Anna University,Government,,0,True,2026-06-13T10:35:58.482000Z,
6a2d328ee591b560292600f2,Government College of Engineering Bodinayakkanur,GCE-BODI,"Bodinayakkanur, Theni, Tamil Nadu",Anna University,Government,,0,True,2026-06-13T10:35:58.524000Z,
6a2d328ee591b560292600f3,Government College of Engineering Srirangam,GCE-SRG,"Srirangam, Trichy, Tamil Nadu",Anna University,Government,,0,True,2026-06-13T10:35:58.575000Z,
6a2d328ee591b560292600f4,Government College of Engineering Thanjavur,GCE-TNJ,"Thanjavur, Tamil Nadu",Anna University,Government,,0,True,2026-06-13T10:35:58.634000Z,
6a2d328ee591b560292600f5,Government College of Engineering Dharmapuri,GCE-DPI,"Dharmapuri, Tamil Nadu",Anna University,Government,,0,True,2026-06-13T10:35:58.688000Z,
6a2d328ee591b560292600f6,University College of Engineering Kancheepuram,UCEK,"Kancheepuram, Tamil Nadu",Anna University,Government,,0,True,2026-06-13T10:35:58.739000Z,
6a2d328ee591b560292600f7,University College of Engineering Arni,UCEA,"Arni, Tiruvannamalai, Tamil Nadu",Anna University,Government,,0,True,2026-06-13T10:35:58.794000Z,
6a2d328ee591b560292600f8,University College of Engineering Tindivanam,UCET,"Tindivanam, Villupuram, Tamil Nadu",Anna University,Government,,0,True,2026-06-13T10:35:58.854000Z,
6a2d328ee591b560292600f9,University College of Engineering Villupuram,UCEV,"Villupuram, Tamil Nadu",Anna University,Government,,0,True,2026-06-13T10:35:58.915000Z,
6a2d328ee591b560292600fa,University College of Engineering Panruti,UCEP,"Panruti, Cuddalore, Tamil Nadu",Anna University,Government,,0,True,2026-06-13T10:35:58.973000Z,
6a2d328fe591b560292600fb,University College of Engineering Ariyalur,UCE-ARIYALUR,"Ariyalur, Tamil Nadu",Anna University,Government,,0,True,2026-06-13T10:35:59.040000Z,
6a2d328fe591b560292600fc,University College of Engineering Thirukkuvalai,UCE-TKL,"Thirukkuvalai, Nagapattinam, Tamil Nadu",Anna University,Government,,0,True,2026-06-13T10:35:59.088000Z,
6a2d328fe591b560292600fd,University College of Engineering Pattukkottai,UCE-PKT,"Pattukkottai, Thanjavur, Tamil Nadu",Anna University,Government,,0,True,2026-06-13T10:35:59.129000Z,
6a2d328fe591b560292600fe,University College of Engineering Ramanathapuram,UCE-RMD,"Ramanathapuram, Tamil Nadu",Anna University,Government,,0,True,2026-06-13T10:35:59.182000Z,
6a2d328fe591b560292600ff,University College of Engineering Dindigul,UCE-DDL,"Dindigul, Tamil Nadu",Anna University,Government,,0,True,2026-06-13T10:35:59.228000Z,
6a2d328fe591b56029260100,University College of Engineering Nagercoil,UCEN,"Nagercoil, Kanyakumari, Tamil Nadu",Anna University,Government,,0,True,2026-06-13T10:35:59.273000Z,
6a2d328fe591b56029260101,Sathyabama Institute of Science and Technology,SATHYABAMA,"Jeppiaar Nagar, Chennai, Tamil Nadu",Sathyabama University,Deemed University,,0,True,2026-06-13T10:35:59.329000Z,
6a2d328fe591b56029260102,Hindustan Institute of Technology and Science,HINDUSTAN,"Padur, Chennai, Tamil Nadu",Hindustan University,Deemed University,,0,True,2026-06-13T10:35:59.383000Z,
6a2d328fe591b56029260103,BSA Crescent Institute of Science and Technology,CRESCENT,"Vandalur, Chennai, Tamil Nadu",Crescent University,Deemed University,,0,True,2026-06-13T10:35:59.442000Z,
6a2d328fe591b56029260104,Karunya Institute of Technology and Sciences,KARUNYA,"Karunya Nagar, Coimbatore, Tamil Nadu",Karunya University,Deemed University,,0,True,2026-06-13T10:35:59.493000Z,
6a2d328fe591b56029260105,Kalasalingam Academy of Research and Education,KRE,"Krishnankoil, Srivilliputhur, Tamil Nadu",Kalasalingam University,Deemed University,,0,True,2026-06-13T10:35:59.555000Z,
6a2d328fe591b56029260106,SASTRA Deemed University,SASTRA,"Thirumalaisamudram, Tanjore, Tamil Nadu",SASTRA University,Deemed University,,0,True,2026-06-13T10:35:59.612000Z,
6a2d328fe591b56029260107,St. Joseph's College of Engineering,SJCE-CHENNAI,"OMR, Chennai, Tamil Nadu",Anna University,Private / Autonomous,,0,True,2026-06-13T10:35:59.661000Z,
6a2d328fe591b56029260108,Panimalar Engineering College,PANIMALAR,"Poonamallee, Chennai, Tamil Nadu",Anna University,Private / Autonomous,,0,True,2026-06-13T10:35:59.713000Z,
6a2d328fe591b56029260109,Easwari Engineering College,EASWARI,"Ramapuram, Chennai, Tamil Nadu",Anna University,Private / Autonomous,,0,True,2026-06-13T10:35:59.780000Z,
6a2d328fe591b5602926010a,Velammal Engineering College,VEC-CHENNAI,"Surapet, Chennai, Tamil Nadu",Anna University,Private / Autonomous,,0,True,2026-06-13T10:35:59.829000Z,
6a2d328fe591b5602926010b,Vel Tech Rangarajan Dr. Sagunthala R&D Institute of Science and Technology,VELTECH,"Avadi, Chennai, Tamil Nadu",Vel Tech University,Deemed University,,0,True,2026-06-13T10:35:59.882000Z,
6a2d328fe591b5602926010c,Saveetha Engineering College,SAVEETHA,"Thandalam, Chennai, Tamil Nadu",Anna University,Private / Autonomous,,0,True,2026-06-13T10:35:59.929000Z,
6a2d328fe591b5602926010d,RMK Engineering College,RMK,"Kavaraipettai, Gummidipoondi, Tamil Nadu",Anna University,Private / Autonomous,,0,True,2026-06-13T10:35:59.983000Z,
6a2d3290e591b5602926010e,RMD Engineering College,RMD,"Kavaraipettai, Gummidipoondi, Tamil Nadu",Anna University,Private / Autonomous,,0,True,2026-06-13T10:36:00.042000Z,
6a2d3290e591b5602926010f,RMK College of Engineering and Technology,RMKCET,"Puduvoyal, Gummidipoondi, Tamil Nadu",Anna University,Private / Autonomous,,0,True,2026-06-13T10:36:00.086000Z,
6a2d3290e591b56029260110,Sri Sai Ram Engineering College,SSEC,"West Tambaram, Chennai, Tamil Nadu",Anna University,Private / Autonomous,,0,True,2026-06-13T10:36:00.133000Z,
6a2d3290e591b56029260111,Sri Sai Ram Institute of Technology,SSIT-CHENNAI,"West Tambaram, Chennai, Tamil Nadu",Anna University,Private / Autonomous,,0,True,2026-06-13T10:36:00.192000Z,
6a2d3290e591b56029260112,Meenakshi Sundararajan Engineering College,MSEC-CHENNAI,"Kodambakkam, Chennai, Tamil Nadu",Anna University,Private / Autonomous,,0,True,2026-06-13T10:36:00.244000Z,
6a2d3290e591b56029260113,Loyola-ICAM College of Engineering and Technology,LICET,"Nungambakkam, Chennai, Tamil Nadu",Anna University,Private / Autonomous,,0,True,2026-06-13T10:36:00.307000Z,
6a2d3290e591b56029260114,KCG College of Technology,KCG,"Karapakkam, Chennai, Tamil Nadu",Anna University,Private / Autonomous,,0,True,2026-06-13T10:36:00.368000Z,
6a2d3290e591b56029260115,St. Joseph's Institute of Technology,SJIT,"OMR, Chennai, Tamil Nadu",Anna University,Private / Autonomous,,0,True,2026-06-13T10:36:00.441000Z,
6a2d3290e591b56029260116,Panimalar Institute of Technology,PIT-CHENNAI,"Poonamallee, Chennai, Tamil Nadu",Anna University,Private / Autonomous,,0,True,2026-06-13T10:36:00.506000Z,
6a2d3290e591b56029260117,Anand Institute of Higher Technology,AIHT,"Kazhipattur, OMR, Tamil Nadu",Anna University,Private / Affiliated,,0,True,2026-06-13T10:36:00.552000Z,
6a2d3290e591b56029260118,Misrimal Navajee Munoth Jain Engineering College,MNMJEC,"Thoraipakkam, Chennai, Tamil Nadu",Anna University,Private / Affiliated,,0,True,2026-06-13T10:36:00.622000Z,
6a2d3290e591b56029260119,Dhanalakshmi Srinivasan College of Engineering,DSCE-CHENNAI,"Mamallapuram, Chennai, Tamil Nadu",Anna University,Private / Affiliated,,0,True,2026-06-13T10:36:00.689000Z,
6a2d3290e591b5602926011a,Prince Shri Venkateshwara Padmavathy Engineering College,PSVPEC,"Ponmar, Chennai, Tamil Nadu",Anna University,Private / Autonomous,,0,True,2026-06-13T10:36:00.744000Z,
6a2d3290e591b5602926011b,Kingston Engineering College Vellore,KINGSTON,"Chittoor Highway, Vellore, Tamil Nadu",Anna University,Private / Affiliated,,0,True,2026-06-13T10:36:00.793000Z,
6a2d3290e591b5602926011c,C. Abdul Hakeem College of Engineering and Technology Melvisharam,CAHCET,"Melvisharam, Vellore District, Tamil Nadu",Anna University,Private / Autonomous,,0,True,2026-06-13T10:36:00.855000Z,
6a2d3290e591b5602926011d,Adhiparasakthi Engineering College Melmaruvathur,APEC,"Melmaruvathur, Kanchipuram, Tamil Nadu",Anna University,Private / Autonomous,,0,True,2026-06-13T10:36:00.902000Z,
6a2d3290e591b5602926011e,Sri Krishna College of Technology,SKCT,"Kovaipudur, Coimbatore, Tamil Nadu",Anna University,Private / Autonomous,,0,True,2026-06-13T10:36:00.959000Z,
6a2d3291e591b5602926011f,Sri Ramakrishna Engineering College,SREC-CBE,"Vattamalaipalayam, Coimbatore, Tamil Nadu",Anna University,Private / Autonomous,,0,True,2026-06-13T10:36:01.012000Z,
6a2d3291e591b56029260120,Sri Ramakrishna Institute of Technology,SRIT,"Pachapalayam, Coimbatore, Tamil Nadu",Anna University,Private / Autonomous,,0,True,2026-06-13T10:36:01.063000Z,
6a2d3291e591b56029260121,Dr. N.G.P. Institute of Technology,NGPIT,"Kalapatti, Coimbatore, Tamil Nadu",Anna University,Private / Autonomous,,0,True,2026-06-13T10:36:01.112000Z,
6a2d3291e591b56029260122,SNS College of Technology,SNSCT,"Vazhiyampalayam, Coimbatore, Tamil Nadu",Anna University,Private / Autonomous,,0,True,2026-06-13T10:36:01.159000Z,
6a2d3291e591b56029260123,SNS College of Engineering,SNSCE,"Kurumbapalayam, Coimbatore, Tamil Nadu",Anna University,Private / Autonomous,,0,True,2026-06-13T10:36:01.215000Z,
6a2d3291e591b56029260124,Karpagam College of Engineering,KCE-CBE,"Othakkalmandapam, Coimbatore, Tamil Nadu",Anna University,Private / Autonomous,,0,True,2026-06-13T10:36:01.263000Z,
6a2d3291e591b56029260125,Karpagam Institute of Technology,KIT-CBE,"Bodipalayam, Coimbatore, Tamil Nadu",Anna University,Private / Autonomous,,0,True,2026-06-13T10:36:01.321000Z,
6a2d3291e591b56029260126,Hindusthan College of Engineering and Technology,HCET-CBE,"Othakkalmandapam, Coimbatore, Tamil Nadu",Anna University,Private / Autonomous,,0,True,2026-06-13T10:36:01.365000Z,
6a2d3291e591b56029260127,Hindusthan Institute of Technology,HIT-CBE,"Othakkalmandapam, Coimbatore, Tamil Nadu",Anna University,Private / Autonomous,,0,True,2026-06-13T10:36:01.414000Z,
6a2d3291e591b56029260128,Rathinam Technical Campus,RTC,"Eachanari, Coimbatore, Tamil Nadu",Anna University,Private / Autonomous,,0,True,2026-06-13T10:36:01.459000Z,
6a2d3291e591b56029260129,Nehru Institute of Engineering and Technology,NIET-CBE,"Thirumalayampalayam, Coimbatore, Tamil Nadu",Anna University,Private / Affiliated,,0,True,2026-06-13T10:36:01.510000Z,
6a2d3291e591b5602926012a,Nehru Institute of Technology,NIT-CBE,"Thirumalayampalayam, Coimbatore, Tamil Nadu",Anna University,Private / Affiliated,,0,True,2026-06-13T10:36:01.563000Z,
6a2d3291e591b5602926012b,KPR Institute of Engineering and Technology,KPRIET,"Arasur, Coimbatore, Tamil Nadu",Anna University,Private / Autonomous,,0,True,2026-06-13T10:36:01.615000Z,
6a2d3291e591b5602926012c,PPG Institute of Technology,PPGIT,"Saravanampatti, Coimbatore, Tamil Nadu",Anna University,Private / Affiliated,,0,True,2026-06-13T10:36:01.667000Z,
6a2d3291e591b5602926012d,Park College of Engineering and Technology,PCET,"Kaniyur, Coimbatore, Tamil Nadu",Anna University,Private / Affiliated,,0,True,2026-06-13T10:36:01.716000Z,
6a2d3291e591b5602926012e,Sri Shakthi Institute of Engineering and Technology,SIET-CBE,"L&T Bypass, Coimbatore, Tamil Nadu",Anna University,Private / Autonomous,,0,True,2026-06-13T10:36:01.777000Z,
6a2d3291e591b5602926012f,Kalaignar Karunanidhi Institute of Technology,KIT-KIT,"Kannampalayam, Coimbatore, Tamil Nadu",Anna University,Private / Autonomous,,0,True,2026-06-13T10:36:01.835000Z,
6a2d3291e591b56029260130,Sasurie College of Engineering,SASURIE,"Vijayamangalam, Tiruppur District, Tamil Nadu",Anna University,Private / Affiliated,,0,True,2026-06-13T10:36:01.891000Z,
6a2d3291e591b56029260131,Erode Sengunthar Engineering College,ESEC,"Thudupathi, Erode District, Tamil Nadu",Anna University,Private / Autonomous,,0,True,2026-06-13T10:36:01.943000Z,
6a2d3292e591b56029260132,Velalar College of Engineering and Technology,VCET-ERD,"Thindal, Erode, Tamil Nadu",Anna University,Private / Autonomous,,0,True,2026-06-13T10:36:02.002000Z,
6a2d3292e591b56029260133,Nandha Engineering College,NANDHA,"Vaikkaalmedu, Erode, Tamil Nadu",Anna University,Private / Autonomous,,0,True,2026-06-13T10:36:02.055000Z,
6a2d3292e591b56029260134,Excel Engineering College,EXCEL,"Pallakkapalayam, Komarapalayam, Tamil Nadu",Anna University,Private / Autonomous,,0,True,2026-06-13T10:36:02.110000Z,
6a2d3292e591b56029260135,Mahendra Engineering College,MAHENDRA,"Mallasamudram, Namakkal District, Tamil Nadu",Anna University,Private / Autonomous,,0,True,2026-06-13T10:36:02.160000Z,
6a2d3292e591b56029260136,Gnanamani College of Technology,GCT-NML,"Pachal, Namakkal, Tamil Nadu",Anna University,Private / Affiliated,,0,True,2026-06-13T10:36:02.217000Z,
6a2d3292e591b56029260137,Muthayammal Engineering College,MEC-RASIPURAM,"Rasipuram, Namakkal, Tamil Nadu",Anna University,Private / Autonomous,,0,True,2026-06-13T10:36:02.262000Z,
6a2d3292e591b56029260138,Paavai Engineering College,PAAVAI,"Pachal, Namakkal, Tamil Nadu",Anna University,Private / Autonomous,,0,True,2026-06-13T10:36:02.314000Z,
6a2d3292e591b56029260139,Sengunthar Engineering College,SEC,"Kosavampalayam, Tiruchengode, Tamil Nadu",Anna University,Private / Autonomous,,0,True,2026-06-13T10:36:02.374000Z,
6a2d3292e591b5602926013a,K.S. Rangasamy College of Technology,KSRCT,"Tiruchengode, Namakkal District, Tamil Nadu",Anna University,Private / Autonomous,,0,True,2026-06-13T10:36:02.433000Z,
6a2d3292e591b5602926013b,KSR College of Engineering,KSRCE,"Tiruchengode, Namakkal District, Tamil Nadu",Anna University,Private / Autonomous,,0,True,2026-06-13T10:36:02.498000Z,
6a2d3292e591b5602926013c,Vivekanandha College of Engineering for Women,VCEW-SLM,"Elayampalayam, Tiruchengode, Tamil Nadu",Anna University,Private / Autonomous,,0,True,2026-06-13T10:36:02.550000Z,
6a2d3292e591b5602926013d,Government Engineering College Barton Hill,GECBH,"Barton Hill, Trivandrum, Kerala",KTU,Government,,0,True,2026-06-13T10:36:02.598000Z,
6a2d3292e591b5602926013e,Government Engineering College Kozhikode,GECK,"Kozhikode, Kerala",KTU,Government,,0,True,2026-06-13T10:36:02.650000Z,
6a2d3292e591b5602926013f,Government Engineering College Kannur,GEC-KNR,"Mangattuparamba, Kannur, Kerala",KTU,Government,,0,True,2026-06-13T10:36:02.701000Z,
6a2d3292e591b56029260140,Government Engineering College Wayanad,GECW,"Mananthavady, Wayanad, Kerala",KTU,Government,,0,True,2026-06-13T10:36:02.762000Z,
6a2d3292e591b56029260141,Government Engineering College Idukki,GECI,"Painavu, Idukki, Kerala",KTU,Government,,0,True,2026-06-13T10:36:02.809000Z,
6a2d3292e591b56029260142,Government Engineering College Palakkad,GECP,"Sreekrishnapuram, Palakkad, Kerala",KTU,Government,,0,True,2026-06-13T10:36:02.864000Z,
6a2d3292e591b56029260143,College of Engineering Karunagappally,CEK,"Karunagappally, Kollam, Kerala",KTU,Government,,0,True,2026-06-13T10:36:02.921000Z,
6a2d3292e591b56029260144,College of Engineering Cherthala,CEC-CHERTHALA,"Cherthala, Alappuzha, Kerala",KTU,Government,,0,True,2026-06-13T10:36:02.990000Z,
6a2d3293e591b56029260145,College of Engineering Chengannur,CECGNR,"Chengannur, Alappuzha, Kerala",KTU,Government,,0,True,2026-06-13T10:36:03.055000Z,
6a2d3293e591b56029260146,College of Engineering Adoor,CEA-ADOOR,"Adoor, Pathanamthitta, Kerala",KTU,Government,,0,True,2026-06-13T10:36:03.119000Z,
6a2d3293e591b56029260147,College of Engineering Kallooppara,CEK-KALLOOPPARA,"Kallooppara, Pathanamthitta, Kerala",KTU,Government,,0,True,2026-06-13T10:36:03.175000Z,
6a2d3293e591b56029260148,College of Engineering Poonjar,CEP,"Poonjar, Kottayam, Kerala",KTU,Government,,0,True,2026-06-13T10:36:03.224000Z,
6a2d3293e591b56029260149,College of Engineering Kidangoor,CEK-KIDANGOOR,"Kidangoor, Kottayam, Kerala",KTU,Government,,0,True,2026-06-13T10:36:03.271000Z,
6a2d3293e591b5602926014a,College of Engineering Perumon,CEP-PERUMON,"Perumon, Kollam, Kerala",KTU,Government,,0,True,2026-06-13T10:36:03.317000Z,
6a2d3293e591b5602926014b,College of Engineering Pathanapuram,CE-PATHANAPURAM,"Pathanapuram, Kollam, Kerala",KTU,Government,,0,True,2026-06-13T10:36:03.374000Z,
6a2d3293e591b5602926014c,College of Engineering Kottarakkara,CE-KOTTARAKKARA,"Kottarakkara, Kollam, Kerala",KTU,Government,,0,True,2026-06-13T10:36:03.431000Z,
6a2d3293e591b5602926014d,College of Engineering Munnar,CEM-MUNNAR,"Munnar, Idukki, Kerala",KTU,Government,,0,True,2026-06-13T10:36:03.482000Z,
6a2d3293e591b5602926014e,College of Engineering Muttathara,CEM-MUTTATHARA,"Muttathara, Trivandrum, Kerala",KTU,Government,,0,True,2026-06-13T10:36:03.534000Z,
6a2d3293e591b5602926014f,College of Engineering Attingal,CE-ATTINGAL,"Attingal, Trivandrum, Kerala",KTU,Government,,0,True,2026-06-13T10:36:03.592000Z,
6a2d3293e591b56029260150,SCT College of Engineering Pappanamcode,SCTCE,"Pappanamcode, Trivandrum, Kerala",KTU,Government Aided,,0,True,2026-06-13T10:36:03.637000Z,
6a2d3293e591b56029260151,LBS Institute of Technology for Women Trivandrum,LBSITW,"Poojappura, Trivandrum, Kerala",KTU,Government,,0,True,2026-06-13T10:36:03.684000Z,
6a2d3293e591b56029260152,College of Engineering Perinthalmanna,CEP-PMNA,"Perinthalmanna, Malappuram, Kerala",KTU,Government,,0,True,2026-06-13T10:36:03.732000Z,
6a2d3293e591b56029260153,College of Engineering Aranmula,CE-ARANMULA,"Aranmula, Pathanamthitta, Kerala",KTU,Government,,0,True,2026-06-13T10:36:03.803000Z,
6a2d3293e591b56029260154,College of Engineering Trikaripur,CET-TRIKARIPUR,"Cheemeni, Kasaragod, Kerala",KTU,Government,,0,True,2026-06-13T10:36:03.860000Z,
6a2d3293e591b56029260155,College of Engineering Thalassery,CET-THALASSERY,"Eranholi, Thalassery, Kerala",KTU,Government,,0,True,2026-06-13T10:36:03.929000Z,
6a2d3293e591b56029260156,College of Engineering Vadakara,CEV-VADAKARA,"Mandarathur, Vadakara, Kerala",KTU,Government,,0,True,2026-06-13T10:36:03.995000Z,
6a2d3294e591b56029260157,Federal Institute of Science and Technology,FISAT,"Mookkannoor, Angamaly, Kerala",KTU,Private / Affiliated,,0,True,2026-06-13T10:36:04.080000Z,
6a2d3294e591b56029260158,SCMS School of Engineering and Technology,SSET,"Karukutty, Ernakulam, Kerala",KTU,Private / Affiliated,,0,True,2026-06-13T10:36:04.135000Z,
6a2d3294e591b56029260159,Saintgits College of Engineering,SAINTGITS,"Pathamuttom, Kottayam, Kerala",KTU,Private / Autonomous,,0,True,2026-06-13T10:36:04.198000Z,
6a2d3294e591b5602926015a,Amal Jyothi College of Engineering,AMALJYOTHI,"Kanjirappally, Kottayam, Kerala",KTU,Private / Affiliated,,0,True,2026-06-13T10:36:04.252000Z,
6a2d3294e591b5602926015b,Viswajyothi College of Engineering and Technology,VJCET,"Vazhakulam, Muvattupuzha, Kerala",KTU,Private / Affiliated,,0,True,2026-06-13T10:36:04.306000Z,
6a2d3294e591b5602926015c,Vidya Academy of Science and Technology,VAST,"Thalakkottukara, Thrissur, Kerala",KTU,Private / Affiliated,,0,True,2026-06-13T10:36:04.362000Z,
6a2d3294e591b5602926015d,MES College of Engineering Kuttippuram,MESCE,"Kuttippuram, Malappuram, Kerala",KTU,Private / Affiliated,,0,True,2026-06-13T10:36:04.412000Z,
6a2d3294e591b5602926015e,Adi Shankara Institute of Engineering and Technology,ASIET,"Kalady, Ernakulam, Kerala",KTU,Private / Affiliated,,0,True,2026-06-13T10:36:04.457000Z,
6a2d3294e591b5602926015f,Ilahia College of Engineering and Technology,ICET,"Mulavoor, Muvattupuzha, Kerala",KTU,Private / Affiliated,,0,True,2026-06-13T10:36:04.499000Z,
6a2d3294e591b56029260160,Toc H Institute of Science and Technology,TIST,"Arakkunnam, Ernakulam, Kerala",KTU,Private / Affiliated,,0,True,2026-06-13T10:36:04.553000Z,
6a2d3294e591b56029260161,Sahrdaya College of Engineering and Technology,SAHRDAYA,"Kodakara, Thrissur, Kerala",KTU,Private / Affiliated,,0,True,2026-06-13T10:36:04.600000Z,
6a2d3294e591b56029260162,Vimal Jyothi Engineering College,VJEC,"Chemperi, Kannur, Kerala",KTU,Private / Affiliated,,0,True,2026-06-13T10:36:04.660000Z,
6a2d3294e591b56029260163,Marian Engineering College,MEC-TVM,"Kazhakkoottam, Trivandrum, Kerala",KTU,Private / Affiliated,,0,True,2026-06-13T10:36:04.714000Z,
6a2d3294e591b56029260164,Mohandas College of Engineering and Technology,MCET-TVM,"Anad, Nedumangad, Kerala",KTU,Private / Affiliated,,0,True,2026-06-13T10:36:04.773000Z,
6a2d3294e591b56029260165,Muthoot Institute of Technology and Science,MITS-KERALA,"Varikoli, Puthencruz, Kerala",KTU,Private / Autonomous,,0,True,2026-06-13T10:36:04.834000Z,
6a2d3294e591b56029260166,Maharashtra Institute of Technology,MIT-WPU,"Kothrud, Pune, Maharashtra",MIT-WPU University,Private University,,0,True,2026-06-13T10:36:04.900000Z,
6a2d3294e591b56029260167,Vishwakarma Institute of Information Technology,VIIT-PUNE,"Kondhwa, Pune, Maharashtra",SPPU,Private / Autonomous,,0,True,2026-06-13T10:36:04.956000Z,
6a2d3295e591b56029260168,Sinhgad College of Engineering,SCOE-PUNE,"Vadgaon, Pune, Maharashtra",SPPU,Private / Autonomous,,0,True,2026-06-13T10:36:05.015000Z,
6a2d3295e591b56029260169,Smt. Kashibai Navale College of Engineering,SKNCOE,"Vadgaon, Pune, Maharashtra",SPPU,Private / Affiliated,,0,True,2026-06-13T10:36:05.079000Z,
6a2d3295e591b5602926016a,JSPM's Rajarshi Shahu College of Engineering,RSCOE,"Tathawade, Pune, Maharashtra",SPPU,Private / Autonomous,,0,True,2026-06-13T10:36:05.132000Z,
6a2d3295e591b5602926016b,Dr. D.Y. Patil Institute of Technology Pimpri,DYPIT,"Pimpri, Pune, Maharashtra",SPPU,Private / Autonomous,,0,True,2026-06-13T10:36:05.179000Z,
6a2d3295e591b5602926016c,Pimpri Chinchwad College of Engineering and Research,PCCOER,"Ravet, Pune, Maharashtra",SPPU,Private / Affiliated,,0,True,2026-06-13T10:36:05.236000Z,
6a2d3295e591b5602926016d,Nutan Maharashtra Institute of Engineering and Technology,NMIET,"Talegaon, Pune, Maharashtra",SPPU,Private / Affiliated,,0,True,2026-06-13T10:36:05.296000Z,
6a2d3295e591b5602926016e,Indira College of Engineering and Management,ICEM,"Parandwadi, Pune, Maharashtra",SPPU,Private / Affiliated,,0,True,2026-06-13T10:36:05.349000Z,
6a2d3295e591b5602926016f,Zeal College of Engineering and Research,ZCOER,"Narhe, Pune, Maharashtra",SPPU,Private / Affiliated,,0,True,2026-06-13T10:36:05.400000Z,
6a2d3295e591b56029260170,Marathwada Mitra Mandal's College of Engineering,MMCOE,"Karvenagar, Pune, Maharashtra",SPPU,Private / Autonomous,,0,True,2026-06-13T10:36:05.455000Z,
6a2d3295e591b56029260171,PVG's COET,PVGCOET,"Sahakarnagar, Pune, Maharashtra",SPPU,Private / Autonomous,,0,True,2026-06-13T10:36:05.515000Z,
6a2d3295e591b56029260172,All India Shri Shivaji Memorial Society's College of Engineering,AISSMS,"Kennedy Road, Pune, Maharashtra",SPPU,Private / Autonomous,,0,True,2026-06-13T10:36:05.575000Z,
6a2d3295e591b56029260173,AISSMS Institute of Information Technology,AISSMS-IOIT,"Kennedy Road, Pune, Maharashtra",SPPU,Private / Autonomous,,0,True,2026-06-13T10:36:05.641000Z,
6a2d3295e591b56029260174,Modern College of Engineering,MCOE,"Shivajinagar, Pune, Maharashtra",SPPU,Private / Autonomous,,0,True,2026-06-13T10:36:05.700000Z,
6a2d3295e591b56029260175,Bharati Vidyapeeth College of Engineering Pune,BVCOEP,"Dhankawadi, Pune, Maharashtra",Bharati Vidyapeeth University,Deemed University,,0,True,2026-06-13T10:36:05.756000Z,
6a2d3295e591b56029260176,Rajiv Gandhi Institute of Technology Mumbai,RGIT-MUMBAI,"Versova, Andheri West, Mumbai, Maharashtra",University of Mumbai,Private / Affiliated,,0,True,2026-06-13T10:36:05.812000Z,
6a2d3295e591b56029260177,Dwarkadas J. Sanghvi College of Engineering,DJSCE,"Vile Parle West, Mumbai, Maharashtra",University of Mumbai,Private / Autonomous,,0,True,2026-06-13T10:36:05.864000Z,
6a2d3295e591b56029260178,Thadomal Shahani Engineering College,TSEC,"Bandra West, Mumbai, Maharashtra",University of Mumbai,Private / Autonomous,,0,True,2026-06-13T10:36:05.936000Z,
6a2d3295e591b56029260179,Fr. Conceicao Rodrigues College of Engineering,CRCE,"Bandra West, Mumbai, Maharashtra",University of Mumbai,Private / Autonomous,,0,True,2026-06-13T10:36:05.993000Z,
6a2d3296e591b5602926017a,Don Bosco Institute of Technology Mumbai,DBIT-MUMBAI,"Kurla West, Mumbai, Maharashtra",University of Mumbai,Private / Affiliated,,0,True,2026-06-13T10:36:06.041000Z,
6a2d3296e591b5602926017b,St. Francis Institute of Technology,SFIT,"Borivali West, Mumbai, Maharashtra",University of Mumbai,Private / Autonomous,,0,True,2026-06-13T10:36:06.094000Z,
6a2d3296e591b5602926017c,Vidyalankar Institute of Technology,VIT-MUMBAI,"Wadala East, Mumbai, Maharashtra",University of Mumbai,Private / Autonomous,,0,True,2026-06-13T10:36:06.155000Z,
6a2d3296e591b5602926017d,Vivekanand Education Society's Institute of Technology,VESIT,"Chembur, Mumbai, Maharashtra",University of Mumbai,Private / Autonomous,,0,True,2026-06-13T10:36:06.215000Z,
6a2d3296e591b5602926017e,Ramrao Adik Institute of Technology,RAIT,"Nerul, Navi Mumbai, Maharashtra",DY Patil University,Deemed / Autonomous,,0,True,2026-06-13T10:36:06.281000Z,
6a2d3296e591b5602926017f,Pillai College of Engineering,PCE-NAVI-MUMBAI,"New Panvel, Navi Mumbai, Maharashtra",University of Mumbai,Private / Autonomous,,0,True,2026-06-13T10:36:06.329000Z,
6a2d3296e591b56029260180,Lokmanya Tilak College of Engineering,LTCE,"Koparkhairane, Navi Mumbai, Maharashtra",University of Mumbai,Private / Autonomous,,0,True,2026-06-13T10:36:06.385000Z,
6a2d3296e591b56029260181,SIES Graduate School of Technology,SIES-GST,"Nerul, Navi Mumbai, Maharashtra",University of Mumbai,Private / Affiliated,,0,True,2026-06-13T10:36:06.451000Z,
6a2d3296e591b56029260182,Terna Engineering College,TERNA,"Nerul, Navi Mumbai, Maharashtra",University of Mumbai,Private / Autonomous,,0,True,2026-06-13T10:36:06.500000Z,
6a2d3296e591b56029260183,Datta Meghe College of Engineering,DMCE,"Airoli, Navi Mumbai, Maharashtra",University of Mumbai,Private / Affiliated,,0,True,2026-06-13T10:36:06.554000Z,
6a2d3296e591b56029260184,Thakur College of Engineering and Technology,TCET-MUMBAI,"Kandivali East, Mumbai, Maharashtra",University of Mumbai,Private / Autonomous,,0,True,2026-06-13T10:36:06.594000Z,
6a2d3296e591b56029260185,Saraswati College of Engineering,SCOE-KHARGHAR,"Kharghar, Navi Mumbai, Maharashtra",University of Mumbai,Private / Affiliated,,0,True,2026-06-13T10:36:06.638000Z,
6a2d3296e591b56029260186,Universal College of Engineering,UCOE,"Kaman, Vasai, Palghar, Maharashtra",University of Mumbai,Private / Affiliated,,0,True,2026-06-13T10:36:06.695000Z,
6a2d3296e591b56029260187,G.H. Raisoni College of Engineering Nagpur,GHRCE,"Digdoh Hills, Nagpur, Maharashtra",RTMNU,Private / Autonomous,,0,True,2026-06-13T10:36:06.755000Z,
6a2d3296e591b56029260188,Yeshwantrao Chavan College of Engineering Nagpur,YCCE,"Hingna Road, Nagpur, Maharashtra",RTMNU,Private / Autonomous,,0,True,2026-06-13T10:36:06.813000Z,
6a2d3296e591b56029260189,Shri Ramdeobaba College of Engineering and Management Nagpur,RCOEM,"Katol Road, Nagpur, Maharashtra",RTMNU,Private / Autonomous,,0,True,2026-06-13T10:36:06.878000Z,
6a2d3296e591b5602926018a,KDK College of Engineering Nagpur,KDKCE,"Nandanvan, Nagpur, Maharashtra",RTMNU,Private / Affiliated,,0,True,2026-06-13T10:36:06.930000Z,
6a2d3296e591b5602926018b,Priyadarshini College of Engineering Nagpur,PCE-NAGPUR,"Hingna Road, Nagpur, Maharashtra",RTMNU,Private / Affiliated,,0,True,2026-06-13T10:36:06.974000Z,
